"Index","GDAXI.Close"
"2010-01-04",6048.299805
"2010-01-05",6031.859863
"2010-01-06",6034.330078
"2010-01-07",6019.359863
"2010-01-08",6037.609863
"2010-01-11",6040.5
"2010-01-12",5943
"2010-01-13",5963.140137
"2010-01-14",5988.879883
"2010-01-15",5875.970215
"2010-01-18",5918.549805
"2010-01-19",5976.47998
"2010-01-20",5851.529785
"2010-01-21",5746.970215
"2010-01-22",5695.319824
"2010-01-25",5631.370117
"2010-01-26",5668.930176
"2010-01-27",5643.200195
"2010-01-28",5540.330078
"2010-01-29",5608.790039
"2010-02-01",5654.47998
"2010-02-02",5709.660156
"2010-02-03",5672.089844
"2010-02-04",5533.240234
"2010-02-05",5434.339844
"2010-02-08",5484.850098
"2010-02-09",5498.259766
"2010-02-10",5536.370117
"2010-02-11",5503.930176
"2010-02-12",5500.390137
"2010-02-15",5511.100098
"2010-02-16",5592.120117
"2010-02-17",5648.339844
"2010-02-18",5680.410156
"2010-02-19",5722.049805
"2010-02-22",5688.439941
"2010-02-23",5604.069824
"2010-02-24",5615.509766
"2010-02-25",5532.330078
"2010-02-26",5598.459961
"2010-03-01",5713.509766
"2010-03-02",5776.560059
"2010-03-03",5817.879883
"2010-03-04",5795.319824
"2010-03-05",5877.359863
"2010-03-08",5875.910156
"2010-03-09",5885.890137
"2010-03-10",5936.720215
"2010-03-11",5928.629883
"2010-03-12",5945.109863
"2010-03-15",5903.560059
"2010-03-16",5970.990234
"2010-03-17",6024.279785
"2010-03-18",6012.310059
"2010-03-19",5982.430176
"2010-03-22",5987.5
"2010-03-23",6017.27002
"2010-03-24",6039
"2010-03-25",6132.950195
"2010-03-26",6120.049805
"2010-03-29",6156.850098
"2010-03-30",6142.450195
"2010-03-31",6153.549805
"2010-04-01",6235.560059
"2010-04-06",6252.209961
"2010-04-07",6222.410156
"2010-04-08",6171.830078
"2010-04-09",6249.700195
"2010-04-12",6250.689941
"2010-04-13",6230.830078
"2010-04-14",6278.399902
"2010-04-15",6291.450195
"2010-04-16",6180.899902
"2010-04-19",6162.439941
"2010-04-20",6264.22998
"2010-04-21",6230.379883
"2010-04-22",6168.720215
"2010-04-23",6259.529785
"2010-04-26",6332.100098
"2010-04-27",6159.509766
"2010-04-28",6084.339844
"2010-04-29",6144.910156
"2010-04-30",6135.700195
"2010-05-03",6166.919922
"2010-05-04",6006.859863
"2010-05-05",5958.450195
"2010-05-06",5908.259766
"2010-05-07",5715.089844
"2010-05-10",6017.910156
"2010-05-11",6037.709961
"2010-05-12",6183.490234
"2010-05-13",6251.970215
"2010-05-14",6056.709961
"2010-05-17",6066.919922
"2010-05-18",6155.930176
"2010-05-19",5988.669922
"2010-05-20",5867.879883
"2010-05-21",5829.25
"2010-05-24",5805.680176
"2010-05-25",5670.040039
"2010-05-26",5758.02002
"2010-05-27",5937.140137
"2010-05-28",5946.180176
"2010-05-31",5964.330078
"2010-06-01",5981.27002
"2010-06-02",5981.200195
"2010-06-03",6054.629883
"2010-06-04",5938.879883
"2010-06-07",5904.950195
"2010-06-08",5868.549805
"2010-06-09",5984.75
"2010-06-10",6056.589844
"2010-06-11",6047.830078
"2010-06-14",6125
"2010-06-15",6175.049805
"2010-06-16",6190.910156
"2010-06-17",6223.540039
"2010-06-18",6216.97998
"2010-06-21",6292.970215
"2010-06-22",6269.040039
"2010-06-23",6204.52002
"2010-06-24",6115.47998
"2010-06-25",6070.600098
"2010-06-28",6157.220215
"2010-06-29",5952.029785
"2010-06-30",5965.52002
"2010-07-01",5857.430176
"2010-07-02",5834.149902
"2010-07-05",5816.200195
"2010-07-06",5940.97998
"2010-07-07",5992.859863
"2010-07-08",6035.660156
"2010-07-09",6065.240234
"2010-07-12",6077.189941
"2010-07-13",6191.129883
"2010-07-14",6209.759766
"2010-07-15",6149.359863
"2010-07-16",6040.27002
"2010-07-19",6009.109863
"2010-07-20",5967.490234
"2010-07-21",5990.379883
"2010-07-22",6142.149902
"2010-07-23",6166.339844
"2010-07-26",6194.209961
"2010-07-27",6207.310059
"2010-07-28",6178.939941
"2010-07-29",6134.700195
"2010-07-30",6147.970215
"2010-08-02",6292.129883
"2010-08-03",6307.910156
"2010-08-04",6331.330078
"2010-08-05",6333.580078
"2010-08-06",6259.629883
"2010-08-09",6351.600098
"2010-08-10",6286.25
"2010-08-11",6154.069824
"2010-08-12",6135.169922
"2010-08-13",6110.410156
"2010-08-16",6110.569824
"2010-08-17",6206.399902
"2010-08-18",6186.310059
"2010-08-19",6075.129883
"2010-08-20",6005.160156
"2010-08-23",6010.910156
"2010-08-24",5935.439941
"2010-08-25",5899.5
"2010-08-26",5912.580078
"2010-08-27",5951.169922
"2010-08-30",5912.410156
"2010-08-31",5925.220215
"2010-09-01",6083.899902
"2010-09-02",6083.850098
"2010-09-03",6134.620117
"2010-09-06",6155.040039
"2010-09-07",6117.890137
"2010-09-08",6164.439941
"2010-09-09",6221.52002
"2010-09-10",6214.77002
"2010-09-13",6261.680176
"2010-09-14",6275.410156
"2010-09-15",6261.870117
"2010-09-16",6249.649902
"2010-09-17",6209.759766
"2010-09-20",6294.580078
"2010-09-21",6275.97998
"2010-09-22",6208.330078
"2010-09-23",6184.709961
"2010-09-24",6298.299805
"2010-09-27",6278.890137
"2010-09-28",6276.089844
"2010-09-29",6246.919922
"2010-09-30",6229.02002
"2010-10-01",6211.339844
"2010-10-04",6134.209961
"2010-10-05",6215.830078
"2010-10-06",6270.72998
"2010-10-07",6276.25
"2010-10-08",6291.669922
"2010-10-11",6309.509766
"2010-10-12",6304.569824
"2010-10-13",6434.52002
"2010-10-14",6455.27002
"2010-10-15",6492.299805
"2010-10-18",6516.629883
"2010-10-19",6490.689941
"2010-10-20",6524.549805
"2010-10-21",6611.009766
"2010-10-22",6605.839844
"2010-10-25",6639.209961
"2010-10-26",6613.799805
"2010-10-27",6568
"2010-10-28",6595.279785
"2010-10-29",6601.370117
"2010-11-01",6604.859863
"2010-11-02",6654.310059
"2010-11-03",6617.799805
"2010-11-04",6734.689941
"2010-11-05",6754.200195
"2010-11-08",6750.5
"2010-11-09",6787.810059
"2010-11-10",6719.839844
"2010-11-11",6723.410156
"2010-11-12",6734.609863
"2010-11-15",6790.169922
"2010-11-16",6663.240234
"2010-11-17",6700.069824
"2010-11-18",6832.109863
"2010-11-19",6843.549805
"2010-11-22",6822.049805
"2010-11-23",6705
"2010-11-24",6823.799805
"2010-11-25",6879.660156
"2010-11-26",6848.97998
"2010-11-29",6697.970215
"2010-11-30",6688.490234
"2010-12-01",6866.629883
"2010-12-02",6957.609863
"2010-12-03",6947.720215
"2010-12-06",6954.379883
"2010-12-07",7001.910156
"2010-12-08",6975.870117
"2010-12-09",6964.160156
"2010-12-10",7006.169922
"2010-12-13",7029.390137
"2010-12-14",7027.399902
"2010-12-15",7016.370117
"2010-12-16",7024.399902
"2010-12-17",6982.450195
"2010-12-20",7018.600098
"2010-12-21",7077.990234
"2010-12-22",7067.919922
"2010-12-23",7057.689941
"2010-12-27",6970.72998
"2010-12-28",6972.100098
"2010-12-29",6995.470215
"2010-12-30",6914.189941
"2011-01-03",6989.740234
"2011-01-04",6975.350098
"2011-01-05",6939.819824
"2011-01-06",6981.390137
"2011-01-07",6947.839844
"2011-01-10",6857.060059
"2011-01-11",6941.569824
"2011-01-12",7068.779785
"2011-01-13",7075.109863
"2011-01-14",7075.700195
"2011-01-17",7078.060059
"2011-01-18",7143.450195
"2011-01-19",7082.759766
"2011-01-20",7024.27002
"2011-01-21",7062.419922
"2011-01-24",7067.77002
"2011-01-25",7059.009766
"2011-01-26",7127.350098
"2011-01-27",7155.580078
"2011-01-28",7102.799805
"2011-01-31",7077.47998
"2011-02-01",7184.27002
"2011-02-02",7183.669922
"2011-02-03",7193.680176
"2011-02-04",7216.209961
"2011-02-07",7283.620117
"2011-02-08",7323.240234
"2011-02-09",7320.899902
"2011-02-10",7340.279785
"2011-02-11",7371.200195
"2011-02-14",7396.629883
"2011-02-15",7400.040039
"2011-02-16",7414.299805
"2011-02-17",7405.509766
"2011-02-18",7426.810059
"2011-02-21",7321.810059
"2011-02-22",7318.350098
"2011-02-23",7194.600098
"2011-02-24",7130.5
"2011-02-25",7185.169922
"2011-02-28",7272.319824
"2011-03-01",7223.299805
"2011-03-02",7181.120117
"2011-03-03",7225.959961
"2011-03-04",7178.899902
"2011-03-07",7161.930176
"2011-03-08",7164.75
"2011-03-09",7131.799805
"2011-03-10",7063.089844
"2011-03-11",6981.490234
"2011-03-14",6866.629883
"2011-03-15",6647.660156
"2011-03-16",6513.839844
"2011-03-17",6656.879883
"2011-03-18",6664.399902
"2011-03-21",6816.120117
"2011-03-22",6780.970215
"2011-03-23",6804.450195
"2011-03-24",6933.580078
"2011-03-25",6946.359863
"2011-03-28",6938.629883
"2011-03-29",6934.439941
"2011-03-30",7057.149902
"2011-03-31",7041.310059
"2011-04-01",7179.810059
"2011-04-04",7175.330078
"2011-04-05",7175.310059
"2011-04-06",7215.109863
"2011-04-07",7178.779785
"2011-04-08",7217.02002
"2011-04-11",7204.859863
"2011-04-12",7102.910156
"2011-04-13",7177.970215
"2011-04-14",7146.560059
"2011-04-15",7178.290039
"2011-04-18",7026.850098
"2011-04-19",7039.310059
"2011-04-20",7249.189941
"2011-04-21",7295.490234
"2011-04-26",7356.509766
"2011-04-27",7404.950195
"2011-04-28",7475.220215
"2011-04-29",7514.459961
"2011-05-02",7527.640137
"2011-05-03",7500.700195
"2011-05-04",7373.930176
"2011-05-05",7376.959961
"2011-05-06",7492.25
"2011-05-09",7410.52002
"2011-05-10",7501.52002
"2011-05-11",7495.049805
"2011-05-12",7443.950195
"2011-05-13",7403.310059
"2011-05-16",7387.540039
"2011-05-17",7256.649902
"2011-05-18",7303.529785
"2011-05-19",7358.22998
"2011-05-20",7266.819824
"2011-05-23",7121.52002
"2011-05-24",7150.660156
"2011-05-25",7170.939941
"2011-05-26",7114.089844
"2011-05-27",7163.470215
"2011-05-30",7160.299805
"2011-05-31",7293.689941
"2011-06-01",7217.430176
"2011-06-02",7074.120117
"2011-06-03",7109.029785
"2011-06-06",7084.569824
"2011-06-07",7103.25
"2011-06-08",7060.22998
"2011-06-09",7159.660156
"2011-06-10",7069.899902
"2011-06-13",7085.140137
"2011-06-14",7204.790039
"2011-06-15",7115.080078
"2011-06-16",7110.200195
"2011-06-17",7164.049805
"2011-06-20",7150.209961
"2011-06-21",7285.509766
"2011-06-22",7278.189941
"2011-06-23",7149.439941
"2011-06-24",7121.379883
"2011-06-27",7107.899902
"2011-06-28",7170.430176
"2011-06-29",7294.140137
"2011-06-30",7376.240234
"2011-07-01",7419.439941
"2011-07-04",7442.959961
"2011-07-05",7439.439941
"2011-07-06",7431.189941
"2011-07-07",7471.439941
"2011-07-08",7402.72998
"2011-07-11",7230.25
"2011-07-12",7174.140137
"2011-07-13",7267.870117
"2011-07-14",7214.740234
"2011-07-15",7220.120117
"2011-07-18",7107.919922
"2011-07-19",7192.669922
"2011-07-20",7221.359863
"2011-07-21",7290.140137
"2011-07-22",7326.390137
"2011-07-25",7344.540039
"2011-07-26",7349.450195
"2011-07-27",7252.680176
"2011-07-28",7190.060059
"2011-07-29",7158.77002
"2011-08-01",6953.97998
"2011-08-02",6796.75
"2011-08-03",6640.589844
"2011-08-04",6414.759766
"2011-08-05",6236.160156
"2011-08-08",5923.27002
"2011-08-09",5917.080078
"2011-08-10",5613.419922
"2011-08-11",5797.660156
"2011-08-12",5997.740234
"2011-08-15",6022.240234
"2011-08-16",5994.899902
"2011-08-17",5948.939941
"2011-08-18",5602.799805
"2011-08-19",5480
"2011-08-22",5473.779785
"2011-08-23",5532.379883
"2011-08-24",5681.080078
"2011-08-25",5584.140137
"2011-08-26",5537.47998
"2011-08-29",5670.069824
"2011-08-30",5643.919922
"2011-08-31",5784.850098
"2011-09-01",5730.629883
"2011-09-02",5538.330078
"2011-09-05",5246.180176
"2011-09-06",5193.970215
"2011-09-07",5405.529785
"2011-09-08",5408.459961
"2011-09-09",5189.930176
"2011-09-12",5072.330078
"2011-09-13",5166.359863
"2011-09-14",5340.189941
"2011-09-15",5508.240234
"2011-09-16",5573.509766
"2011-09-19",5415.910156
"2011-09-20",5571.680176
"2011-09-21",5433.799805
"2011-09-22",5164.209961
"2011-09-23",5196.560059
"2011-09-26",5345.560059
"2011-09-27",5628.439941
"2011-09-28",5578.419922
"2011-09-29",5639.580078
"2011-09-30",5502.02002
"2011-10-04",5216.709961
"2011-10-05",5473.029785
"2011-10-06",5645.25
"2011-10-07",5675.700195
"2011-10-10",5847.290039
"2011-10-11",5865.009766
"2011-10-12",5994.470215
"2011-10-13",5914.839844
"2011-10-14",5967.200195
"2011-10-17",5859.430176
"2011-10-18",5877.410156
"2011-10-19",5913.529785
"2011-10-20",5766.47998
"2011-10-21",5970.959961
"2011-10-24",6055.27002
"2011-10-25",6046.75
"2011-10-26",6016.069824
"2011-10-27",6337.839844
"2011-10-28",6346.189941
"2011-10-31",6141.339844
"2011-11-01",5834.509766
"2011-11-02",5965.629883
"2011-11-03",6133.180176
"2011-11-04",5966.160156
"2011-11-07",5928.680176
"2011-11-08",5961.439941
"2011-11-09",5829.540039
"2011-11-10",5867.810059
"2011-11-11",6057.029785
"2011-11-14",5985.02002
"2011-11-15",5933.140137
"2011-11-16",5913.359863
"2011-11-17",5850.169922
"2011-11-18",5800.240234
"2011-11-21",5606
"2011-11-22",5537.390137
"2011-11-23",5457.77002
"2011-11-24",5428.109863
"2011-11-25",5492.870117
"2011-11-28",5745.330078
"2011-11-29",5799.910156
"2011-11-30",6088.839844
"2011-12-01",6035.879883
"2011-12-02",6080.680176
"2011-12-05",6106.089844
"2011-12-06",6028.819824
"2011-12-07",5994.72998
"2011-12-08",5874.439941
"2011-12-09",5986.709961
"2011-12-12",5785.430176
"2011-12-13",5774.259766
"2011-12-14",5675.140137
"2011-12-15",5730.620117
"2011-12-16",5701.779785
"2011-12-19",5670.709961
"2011-12-20",5847.029785
"2011-12-21",5791.529785
"2011-12-22",5852.180176
"2011-12-23",5878.930176
"2011-12-27",5889.759766
"2011-12-28",5771.27002
"2011-12-29",5848.779785
"2011-12-30",5898.350098
"2012-01-02",6075.52002
"2012-01-03",6166.569824
"2012-01-04",6111.549805
"2012-01-05",6095.990234
"2012-01-06",6057.919922
"2012-01-09",6017.22998
"2012-01-10",6162.97998
"2012-01-11",6152.339844
"2012-01-12",6179.209961
"2012-01-13",6143.080078
"2012-01-16",6220.009766
"2012-01-17",6332.930176
"2012-01-18",6354.569824
"2012-01-19",6416.259766
"2012-01-20",6404.390137
"2012-01-23",6436.620117
"2012-01-24",6419.220215
"2012-01-25",6421.850098
"2012-01-26",6539.850098
"2012-01-27",6511.97998
"2012-01-30",6444.450195
"2012-01-31",6458.910156
"2012-02-01",6616.640137
"2012-02-02",6655.629883
"2012-02-03",6766.669922
"2012-02-06",6764.830078
"2012-02-07",6754.200195
"2012-02-08",6748.759766
"2012-02-09",6788.799805
"2012-02-10",6692.959961
"2012-02-13",6738.470215
"2012-02-14",6728.189941
"2012-02-15",6757.939941
"2012-02-16",6751.959961
"2012-02-17",6848.029785
"2012-02-20",6948.25
"2012-02-21",6908.180176
"2012-02-22",6843.870117
"2012-02-23",6809.459961
"2012-02-24",6864.430176
"2012-02-27",6849.600098
"2012-02-28",6887.629883
"2012-02-29",6856.080078
"2012-03-01",6941.77002
"2012-03-02",6921.370117
"2012-03-05",6866.459961
"2012-03-06",6633.109863
"2012-03-07",6671.109863
"2012-03-08",6834.540039
"2012-03-09",6880.209961
"2012-03-12",6901.350098
"2012-03-13",6995.910156
"2012-03-14",7079.419922
"2012-03-15",7144.450195
"2012-03-16",7157.819824
"2012-03-19",7154.220215
"2012-03-20",7054.939941
"2012-03-21",7071.319824
"2012-03-22",6981.259766
"2012-03-23",6995.620117
"2012-03-26",7079.22998
"2012-03-27",7078.899902
"2012-03-28",6998.799805
"2012-03-29",6875.149902
"2012-03-30",6946.830078
"2012-04-02",7056.649902
"2012-04-03",6982.279785
"2012-04-04",6784.060059
"2012-04-05",6775.259766
"2012-04-10",6606.430176
"2012-04-11",6674.72998
"2012-04-12",6743.240234
"2012-04-13",6583.899902
"2012-04-16",6625.189941
"2012-04-17",6801
"2012-04-18",6732.029785
"2012-04-19",6671.220215
"2012-04-20",6750.120117
"2012-04-23",6523
"2012-04-24",6590.410156
"2012-04-25",6704.5
"2012-04-26",6739.899902
"2012-04-27",6801.319824
"2012-04-30",6761.189941
"2012-05-02",6710.77002
"2012-05-03",6694.439941
"2012-05-04",6561.470215
"2012-05-07",6569.47998
"2012-05-08",6444.740234
"2012-05-09",6475.310059
"2012-05-10",6518
"2012-05-11",6579.930176
"2012-05-14",6451.970215
"2012-05-15",6401.060059
"2012-05-16",6384.259766
"2012-05-17",6308.959961
"2012-05-18",6271.220215
"2012-05-21",6331.040039
"2012-05-22",6435.600098
"2012-05-23",6285.75
"2012-05-24",6315.890137
"2012-05-25",6339.939941
"2012-05-28",6323.189941
"2012-05-29",6396.839844
"2012-05-30",6280.799805
"2012-05-31",6264.379883
"2012-06-01",6050.290039
"2012-06-04",5978.22998
"2012-06-05",5969.399902
"2012-06-06",6093.990234
"2012-06-07",6144.220215
"2012-06-08",6130.819824
"2012-06-11",6141.049805
"2012-06-12",6161.240234
"2012-06-13",6152.490234
"2012-06-14",6138.609863
"2012-06-15",6229.410156
"2012-06-18",6248.200195
"2012-06-19",6363.359863
"2012-06-20",6392.129883
"2012-06-21",6343.129883
"2012-06-22",6263.25
"2012-06-25",6132.390137
"2012-06-26",6136.689941
"2012-06-27",6228.990234
"2012-06-28",6149.910156
"2012-06-29",6416.279785
"2012-07-02",6496.080078
"2012-07-03",6578.209961
"2012-07-04",6564.799805
"2012-07-05",6535.560059
"2012-07-06",6410.109863
"2012-07-09",6387.569824
"2012-07-10",6438.330078
"2012-07-11",6453.850098
"2012-07-12",6419.350098
"2012-07-13",6557.100098
"2012-07-16",6565.720215
"2012-07-17",6577.640137
"2012-07-18",6684.419922
"2012-07-19",6758.390137
"2012-07-20",6630.02002
"2012-07-23",6419.330078
"2012-07-24",6390.410156
"2012-07-25",6406.52002
"2012-07-26",6582.959961
"2012-07-27",6689.399902
"2012-07-30",6774.060059
"2012-07-31",6772.259766
"2012-08-01",6754.459961
"2012-08-02",6606.089844
"2012-08-03",6865.660156
"2012-08-06",6918.720215
"2012-08-07",6967.950195
"2012-08-08",6966.149902
"2012-08-09",6964.990234
"2012-08-10",6944.560059
"2012-08-13",6909.680176
"2012-08-14",6974.390137
"2012-08-15",6946.799805
"2012-08-16",6996.290039
"2012-08-17",7040.879883
"2012-08-20",7033.680176
"2012-08-21",7089.319824
"2012-08-22",7017.75
"2012-08-23",6949.569824
"2012-08-24",6971.069824
"2012-08-27",7047.450195
"2012-08-28",7002.680176
"2012-08-29",7010.569824
"2012-08-30",6895.490234
"2012-08-31",6970.790039
"2012-09-03",7014.830078
"2012-09-04",6932.580078
"2012-09-05",6964.689941
"2012-09-06",7167.330078
"2012-09-07",7214.5
"2012-09-10",7213.700195
"2012-09-11",7310.109863
"2012-09-12",7343.529785
"2012-09-13",7310.319824
"2012-09-14",7412.129883
"2012-09-17",7403.689941
"2012-09-18",7347.689941
"2012-09-19",7390.759766
"2012-09-20",7389.490234
"2012-09-21",7451.620117
"2012-09-24",7413.160156
"2012-09-25",7425.109863
"2012-09-26",7276.509766
"2012-09-27",7290.02002
"2012-09-28",7216.149902
"2012-10-01",7326.72998
"2012-10-02",7305.859863
"2012-10-04",7305.209961
"2012-10-05",7397.870117
"2012-10-08",7291.209961
"2012-10-09",7234.529785
"2012-10-10",7205.22998
"2012-10-11",7281.700195
"2012-10-12",7232.490234
"2012-10-15",7261.25
"2012-10-16",7376.27002
"2012-10-17",7394.549805
"2012-10-18",7437.22998
"2012-10-19",7380.640137
"2012-10-22",7328.049805
"2012-10-23",7173.689941
"2012-10-24",7192.850098
"2012-10-25",7200.22998
"2012-10-26",7231.850098
"2012-10-29",7203.160156
"2012-10-30",7284.399902
"2012-10-31",7260.629883
"2012-11-01",7335.669922
"2012-11-02",7363.850098
"2012-11-05",7326.470215
"2012-11-06",7377.759766
"2012-11-07",7232.830078
"2012-11-08",7204.959961
"2012-11-09",7163.5
"2012-11-12",7168.759766
"2012-11-13",7169.120117
"2012-11-14",7101.919922
"2012-11-15",7043.419922
"2012-11-16",6950.529785
"2012-11-19",7123.839844
"2012-11-20",7172.990234
"2012-11-21",7184.709961
"2012-11-22",7244.990234
"2012-11-23",7309.129883
"2012-11-26",7292.029785
"2012-11-27",7332.330078
"2012-11-28",7343.410156
"2012-11-29",7400.959961
"2012-11-30",7405.5
"2012-12-03",7435.209961
"2012-12-04",7435.120117
"2012-12-05",7454.549805
"2012-12-06",7534.540039
"2012-12-07",7517.799805
"2012-12-10",7530.919922
"2012-12-11",7589.75
"2012-12-12",7614.790039
"2012-12-13",7581.97998
"2012-12-14",7596.470215
"2012-12-17",7604.939941
"2012-12-18",7653.580078
"2012-12-19",7668.5
"2012-12-20",7672.100098
"2012-12-21",7636.22998
"2012-12-27",7655.879883
"2012-12-28",7612.390137
"2013-01-02",7778.779785
"2013-01-03",7756.439941
"2013-01-04",7776.370117
"2013-01-07",7732.660156
"2013-01-08",7695.830078
"2013-01-09",7720.470215
"2013-01-10",7708.470215
"2013-01-11",7715.529785
"2013-01-14",7729.52002
"2013-01-15",7675.910156
"2013-01-16",7691.129883
"2013-01-17",7735.459961
"2013-01-18",7702.22998
"2013-01-21",7748.859863
"2013-01-22",7696.209961
"2013-01-23",7707.540039
"2013-01-24",7748.129883
"2013-01-25",7857.970215
"2013-01-28",7833
"2013-01-29",7848.569824
"2013-01-30",7811.310059
"2013-01-31",7776.049805
"2013-02-01",7833.390137
"2013-02-04",7638.22998
"2013-02-05",7664.660156
"2013-02-06",7581.180176
"2013-02-07",7590.850098
"2013-02-08",7652.140137
"2013-02-11",7633.740234
"2013-02-12",7660.189941
"2013-02-13",7711.890137
"2013-02-14",7631.189941
"2013-02-15",7593.509766
"2013-02-18",7628.72998
"2013-02-19",7752.450195
"2013-02-20",7728.899902
"2013-02-21",7583.569824
"2013-02-22",7661.910156
"2013-02-25",7773.189941
"2013-02-26",7597.109863
"2013-02-27",7675.830078
"2013-02-28",7741.700195
"2013-03-01",7708.160156
"2013-03-04",7691.680176
"2013-03-05",7870.310059
"2013-03-06",7919.330078
"2013-03-07",7939.77002
"2013-03-08",7986.470215
"2013-03-11",7984.290039
"2013-03-12",7966.120117
"2013-03-13",7970.910156
"2013-03-14",8058.370117
"2013-03-15",8042.850098
"2013-03-18",8010.700195
"2013-03-19",7947.790039
"2013-03-20",8001.970215
"2013-03-21",7932.509766
"2013-03-22",7911.350098
"2013-03-25",7870.899902
"2013-03-26",7879.669922
"2013-03-27",7789.089844
"2013-03-28",7795.310059
"2013-04-02",7943.870117
"2013-04-03",7874.75
"2013-04-04",7817.390137
"2013-04-05",7658.75
"2013-04-08",7662.640137
"2013-04-09",7637.509766
"2013-04-10",7810.629883
"2013-04-11",7871.629883
"2013-04-12",7744.77002
"2013-04-15",7712.629883
"2013-04-16",7682.580078
"2013-04-17",7503.029785
"2013-04-18",7473.72998
"2013-04-19",7459.959961
"2013-04-22",7478.109863
"2013-04-23",7658.209961
"2013-04-24",7759.029785
"2013-04-25",7832.859863
"2013-04-26",7814.759766
"2013-04-29",7873.5
"2013-04-30",7913.709961
"2013-05-02",7961.709961
"2013-05-03",8122.290039
"2013-05-06",8112.080078
"2013-05-07",8181.779785
"2013-05-08",8249.709961
"2013-05-09",8262.549805
"2013-05-10",8278.589844
"2013-05-13",8279.290039
"2013-05-14",8339.110352
"2013-05-15",8362.419922
"2013-05-16",8369.870117
"2013-05-17",8398
"2013-05-20",8455.830078
"2013-05-21",8472.200195
"2013-05-22",8530.889648
"2013-05-23",8351.980469
"2013-05-24",8305.320313
"2013-05-27",8383.299805
"2013-05-28",8480.870117
"2013-05-29",8336.580078
"2013-05-30",8400.200195
"2013-05-31",8348.839844
"2013-06-03",8285.799805
"2013-06-04",8295.959961
"2013-06-05",8196.179688
"2013-06-06",8098.810059
"2013-06-07",8254.679688
"2013-06-10",8307.69043
"2013-06-11",8222.459961
"2013-06-12",8143.27002
"2013-06-13",8095.390137
"2013-06-14",8127.959961
"2013-06-17",8215.730469
"2013-06-18",8229.509766
"2013-06-19",8197.080078
"2013-06-20",7928.47998
"2013-06-21",7789.240234
"2013-06-24",7692.450195
"2013-06-25",7811.299805
"2013-06-26",7940.990234
"2013-06-27",7990.75
"2013-06-28",7959.220215
"2013-07-01",7983.919922
"2013-07-02",7910.77002
"2013-07-03",7829.319824
"2013-07-04",7994.310059
"2013-07-05",7806
"2013-07-08",7968.540039
"2013-07-09",8057.75
"2013-07-10",8066.47998
"2013-07-11",8158.799805
"2013-07-12",8212.769531
"2013-07-15",8234.80957
"2013-07-16",8201.049805
"2013-07-17",8254.719727
"2013-07-18",8337.089844
"2013-07-19",8331.570313
"2013-07-22",8331.05957
"2013-07-23",8314.230469
"2013-07-24",8379.110352
"2013-07-25",8298.980469
"2013-07-26",8244.910156
"2013-07-29",8259.030273
"2013-07-30",8271.019531
"2013-07-31",8275.969727
"2013-08-01",8410.730469
"2013-08-02",8406.94043
"2013-08-05",8398.379883
"2013-08-06",8299.730469
"2013-08-07",8260.480469
"2013-08-08",8318.320313
"2013-08-09",8338.30957
"2013-08-12",8359.25
"2013-08-13",8415.759766
"2013-08-14",8438.120117
"2013-08-15",8376.290039
"2013-08-16",8391.94043
"2013-08-19",8366.290039
"2013-08-20",8300.030273
"2013-08-21",8285.410156
"2013-08-22",8397.889648
"2013-08-23",8416.990234
"2013-08-26",8435.150391
"2013-08-27",8242.55957
"2013-08-28",8157.899902
"2013-08-29",8194.549805
"2013-08-30",8103.149902
"2013-09-02",8243.870117
"2013-09-03",8180.709961
"2013-09-04",8195.919922
"2013-09-05",8234.980469
"2013-09-06",8275.669922
"2013-09-09",8276.320313
"2013-09-10",8446.540039
"2013-09-11",8495.730469
"2013-09-12",8494
"2013-09-13",8509.419922
"2013-09-16",8613
"2013-09-17",8596.950195
"2013-09-18",8636.05957
"2013-09-19",8694.179688
"2013-09-20",8675.730469
"2013-09-23",8635.290039
"2013-09-24",8664.599609
"2013-09-25",8665.629883
"2013-09-26",8664.099609
"2013-09-27",8661.509766
"2013-09-30",8594.400391
"2013-10-01",8689.139648
"2013-10-02",8629.419922
"2013-10-04",8622.969727
"2013-10-07",8591.580078
"2013-10-08",8555.889648
"2013-10-09",8516.69043
"2013-10-10",8685.769531
"2013-10-11",8724.830078
"2013-10-14",8723.80957
"2013-10-15",8804.44043
"2013-10-16",8846
"2013-10-17",8811.980469
"2013-10-18",8865.099609
"2013-10-21",8867.219727
"2013-10-22",8947.459961
"2013-10-23",8919.860352
"2013-10-24",8980.629883
"2013-10-25",8985.740234
"2013-10-28",8978.650391
"2013-10-29",9022.040039
"2013-10-30",9010.269531
"2013-10-31",9033.919922
"2013-11-01",9007.830078
"2013-11-04",9037.230469
"2013-11-05",9009.110352
"2013-11-06",9040.870117
"2013-11-07",9081.030273
"2013-11-08",9078.280273
"2013-11-11",9107.860352
"2013-11-12",9076.480469
"2013-11-13",9054.830078
"2013-11-14",9149.660156
"2013-11-15",9168.69043
"2013-11-18",9225.429688
"2013-11-19",9193.290039
"2013-11-20",9202.070313
"2013-11-21",9196.080078
"2013-11-22",9219.040039
"2013-11-25",9299.950195
"2013-11-26",9290.070313
"2013-11-27",9351.129883
"2013-11-28",9387.370117
"2013-11-29",9405.299805
"2013-12-02",9401.959961
"2013-12-03",9223.400391
"2013-12-04",9140.629883
"2013-12-05",9084.950195
"2013-12-06",9172.410156
"2013-12-09",9195.169922
"2013-12-10",9114.44043
"2013-12-11",9077.110352
"2013-12-12",9017
"2013-12-13",9006.459961
"2013-12-16",9163.55957
"2013-12-17",9085.120117
"2013-12-18",9181.75
"2013-12-19",9335.740234
"2013-12-20",9400.179688
"2013-12-23",9488.820313
"2013-12-27",9589.389648
"2013-12-30",9552.160156
"2014-01-02",9400.040039
"2014-01-03",9435.150391
"2014-01-06",9428
"2014-01-07",9506.200195
"2014-01-08",9497.839844
"2014-01-09",9421.610352
"2014-01-10",9473.240234
"2014-01-13",9510.169922
"2014-01-14",9540.509766
"2014-01-15",9733.80957
"2014-01-16",9717.709961
"2014-01-17",9742.959961
"2014-01-20",9715.900391
"2014-01-21",9730.120117
"2014-01-22",9720.110352
"2014-01-23",9631.040039
"2014-01-24",9392.019531
"2014-01-27",9349.219727
"2014-01-28",9406.910156
"2014-01-29",9336.730469
"2014-01-30",9373.480469
"2014-01-31",9306.480469
"2014-02-03",9186.519531
"2014-02-04",9127.910156
"2014-02-05",9116.320313
"2014-02-06",9256.580078
"2014-02-07",9301.919922
"2014-02-10",9289.860352
"2014-02-11",9478.769531
"2014-02-12",9540
"2014-02-13",9596.769531
"2014-02-14",9662.400391
"2014-02-17",9656.759766
"2014-02-18",9659.780273
"2014-02-19",9660.049805
"2014-02-20",9618.849609
"2014-02-21",9656.950195
"2014-02-24",9708.94043
"2014-02-25",9699.349609
"2014-02-26",9661.730469
"2014-02-27",9588.330078
"2014-02-28",9692.080078
"2014-03-03",9358.889648
"2014-03-04",9589.150391
"2014-03-05",9542.019531
"2014-03-06",9542.870117
"2014-03-07",9350.75
"2014-03-10",9265.5
"2014-03-11",9307.790039
"2014-03-12",9188.69043
"2014-03-13",9017.790039
"2014-03-14",9056.410156
"2014-03-17",9180.889648
"2014-03-18",9242.549805
"2014-03-19",9277.049805
"2014-03-20",9296.120117
"2014-03-21",9342.94043
"2014-03-24",9188.769531
"2014-03-25",9338.400391
"2014-03-26",9448.580078
"2014-03-27",9451.209961
"2014-03-28",9587.19043
"2014-03-31",9555.910156
"2014-04-01",9603.709961
"2014-04-02",9623.360352
"2014-04-03",9628.820313
"2014-04-04",9695.769531
"2014-04-07",9510.849609
"2014-04-08",9490.790039
"2014-04-09",9506.349609
"2014-04-10",9454.540039
"2014-04-11",9315.290039
"2014-04-14",9339.169922
"2014-04-15",9173.709961
"2014-04-16",9317.820313
"2014-04-17",9409.709961
"2014-04-22",9600.089844
"2014-04-23",9544.19043
"2014-04-24",9548.679688
"2014-04-25",9401.549805
"2014-04-28",9446.360352
"2014-04-29",9584.120117
"2014-04-30",9603.230469
"2014-05-02",9556.019531
"2014-05-05",9529.5
"2014-05-06",9467.530273
"2014-05-07",9521.299805
"2014-05-08",9607.400391
"2014-05-09",9581.450195
"2014-05-12",9702.459961
"2014-05-13",9754.429688
"2014-05-14",9754.389648
"2014-05-15",9656.049805
"2014-05-16",9629.099609
"2014-05-19",9659.389648
"2014-05-20",9639.080078
"2014-05-21",9697.870117
"2014-05-22",9720.910156
"2014-05-23",9768.009766
"2014-05-26",9892.820313
"2014-05-27",9940.820313
"2014-05-28",9939.169922
"2014-05-29",9938.900391
"2014-05-30",9943.269531
"2014-06-02",9950.120117
"2014-06-03",9919.740234
"2014-06-04",9926.669922
"2014-06-05",9947.830078
"2014-06-06",9987.19043
"2014-06-09",10008.629883
"2014-06-10",10028.799805
"2014-06-11",9949.80957
"2014-06-12",9938.700195
"2014-06-13",9912.870117
"2014-06-16",9883.980469
"2014-06-17",9920.320313
"2014-06-18",9930.330078
"2014-06-19",10004
"2014-06-20",9987.240234
"2014-06-23",9920.919922
"2014-06-24",9938.080078
"2014-06-25",9867.75
"2014-06-26",9804.900391
"2014-06-27",9815.169922
"2014-06-30",9833.070313
"2014-07-01",9902.410156
"2014-07-02",9911.269531
"2014-07-03",10029.429688
"2014-07-04",10009.080078
"2014-07-07",9906.070313
"2014-07-08",9772.669922
"2014-07-09",9808.200195
"2014-07-10",9659.129883
"2014-07-11",9666.339844
"2014-07-14",9783.009766
"2014-07-15",9719.410156
"2014-07-16",9859.269531
"2014-07-17",9753.879883
"2014-07-18",9720.019531
"2014-07-21",9612.049805
"2014-07-22",9734.330078
"2014-07-23",9753.55957
"2014-07-24",9794.05957
"2014-07-25",9644.009766
"2014-07-28",9598.169922
"2014-07-29",9653.629883
"2014-07-30",9593.679688
"2014-07-31",9407.480469
"2014-08-01",9210.080078
"2014-08-04",9154.139648
"2014-08-05",9189.740234
"2014-08-06",9130.040039
"2014-08-07",9038.969727
"2014-08-08",9009.320313
"2014-08-11",9180.740234
"2014-08-12",9069.469727
"2014-08-13",9198.879883
"2014-08-14",9225.099609
"2014-08-15",9092.599609
"2014-08-18",9245.330078
"2014-08-19",9334.280273
"2014-08-20",9314.570313
"2014-08-21",9401.530273
"2014-08-22",9339.169922
"2014-08-25",9510.139648
"2014-08-26",9588.150391
"2014-08-27",9569.709961
"2014-08-28",9462.55957
"2014-08-29",9470.169922
"2014-09-01",9479.030273
"2014-09-02",9507.019531
"2014-09-03",9626.490234
"2014-09-04",9724.259766
"2014-09-05",9747.019531
"2014-09-08",9758.030273
"2014-09-09",9710.700195
"2014-09-10",9700.169922
"2014-09-11",9691.280273
"2014-09-12",9651.129883
"2014-09-15",9659.629883
"2014-09-16",9632.929688
"2014-09-17",9661.5
"2014-09-18",9798.129883
"2014-09-19",9799.259766
"2014-09-22",9749.540039
"2014-09-23",9595.030273
"2014-09-24",9661.969727
"2014-09-25",9510.009766
"2014-09-26",9490.549805
"2014-09-29",9422.910156
"2014-09-30",9474.299805
"2014-10-01",9382.030273
"2014-10-02",9195.679688
"2014-10-06",9209.509766
"2014-10-07",9086.209961
"2014-10-08",8995.330078
"2014-10-09",9005.019531
"2014-10-10",8788.80957
"2014-10-13",8812.429688
"2014-10-14",8825.209961
"2014-10-15",8571.950195
"2014-10-16",8582.900391
"2014-10-17",8850.269531
"2014-10-20",8717.759766
"2014-10-21",8886.959961
"2014-10-22",8940.139648
"2014-10-23",9047.30957
"2014-10-24",8987.799805
"2014-10-27",8902.610352
"2014-10-28",9068.19043
"2014-10-29",9082.80957
"2014-10-30",9114.839844
"2014-10-31",9326.870117
"2014-11-03",9251.700195
"2014-11-04",9166.469727
"2014-11-05",9315.480469
"2014-11-06",9377.410156
"2014-11-07",9291.830078
"2014-11-10",9351.870117
"2014-11-11",9369.030273
"2014-11-12",9210.959961
"2014-11-13",9248.509766
"2014-11-14",9252.94043
"2014-11-17",9306.349609
"2014-11-18",9456.530273
"2014-11-19",9472.799805
"2014-11-20",9483.969727
"2014-11-21",9732.549805
"2014-11-24",9785.540039
"2014-11-25",9861.209961
"2014-11-26",9915.55957
"2014-11-27",9974.870117
"2014-11-28",9980.849609
"2014-12-01",9963.509766
"2014-12-02",9934.080078
"2014-12-03",9971.790039
"2014-12-04",9851.349609
"2014-12-05",10087.120117
"2014-12-08",10014.990234
"2014-12-09",9793.709961
"2014-12-10",9799.730469
"2014-12-11",9862.530273
"2014-12-12",9594.730469
"2014-12-15",9334.009766
"2014-12-16",9563.889648
"2014-12-17",9544.429688
"2014-12-18",9811.05957
"2014-12-19",9786.959961
"2014-12-22",9865.759766
"2014-12-23",9922.110352
"2014-12-29",9927.129883
"2014-12-30",9805.549805
"2015-01-02",9764.730469
"2015-01-05",9473.160156
"2015-01-06",9469.660156
"2015-01-07",9518.179688
"2015-01-08",9837.610352
"2015-01-09",9648.5
"2015-01-12",9781.900391
"2015-01-13",9941
"2015-01-14",9817.080078
"2015-01-15",10032.610352
"2015-01-16",10167.769531
"2015-01-19",10242.349609
"2015-01-20",10257.129883
"2015-01-21",10299.230469
"2015-01-22",10435.620117
"2015-01-23",10649.580078
"2015-01-26",10798.330078
"2015-01-27",10628.580078
"2015-01-28",10710.969727
"2015-01-29",10737.870117
"2015-01-30",10694.320313
"2015-02-02",10828.009766
"2015-02-03",10890.950195
"2015-02-04",10911.320313
"2015-02-05",10905.410156
"2015-02-06",10846.389648
"2015-02-09",10663.509766
"2015-02-10",10753.830078
"2015-02-11",10752.110352
"2015-02-12",10919.650391
"2015-02-13",10963.400391
"2015-02-16",10923.230469
"2015-02-17",10895.620117
"2015-02-18",10961
"2015-02-19",11001.94043
"2015-02-20",11050.639648
"2015-02-23",11130.919922
"2015-02-24",11205.740234
"2015-02-25",11210.269531
"2015-02-26",11327.19043
"2015-02-27",11401.660156
"2015-03-02",11410.360352
"2015-03-03",11280.360352
"2015-03-04",11390.379883
"2015-03-05",11504.009766
"2015-03-06",11550.969727
"2015-03-09",11582.110352
"2015-03-10",11500.379883
"2015-03-11",11805.990234
"2015-03-12",11799.389648
"2015-03-13",11901.610352
"2015-03-16",12167.719727
"2015-03-17",11980.849609
"2015-03-18",11922.769531
"2015-03-19",11899.400391
"2015-03-20",12039.370117
"2015-03-23",11895.839844
"2015-03-24",12005.69043
"2015-03-25",11865.320313
"2015-03-26",11843.679688
"2015-03-27",11868.330078
"2015-03-30",12086.009766
"2015-03-31",11966.169922
"2015-04-01",12001.379883
"2015-04-02",11967.389648
"2015-04-07",12123.519531
"2015-04-08",12035.860352
"2015-04-09",12166.44043
"2015-04-10",12374.730469
"2015-04-13",12338.730469
"2015-04-14",12227.599609
"2015-04-15",12231.339844
"2015-04-16",11998.860352
"2015-04-17",11688.700195
"2015-04-20",11891.910156
"2015-04-21",11939.580078
"2015-04-22",11867.370117
"2015-04-23",11723.580078
"2015-04-24",11810.849609
"2015-04-27",12039.160156
"2015-04-28",11811.660156
"2015-04-29",11432.719727
"2015-04-30",11454.379883
"2015-05-04",11619.849609
"2015-05-05",11327.679688
"2015-05-06",11350.150391
"2015-05-07",11407.969727
"2015-05-08",11709.730469
"2015-05-11",11673.349609
"2015-05-12",11472.410156
"2015-05-13",11351.459961
"2015-05-14",11559.820313
"2015-05-15",11447.030273
"2015-05-18",11594.280273
"2015-05-19",11853.330078
"2015-05-20",11848.469727
"2015-05-21",11864.589844
"2015-05-22",11815.009766
"2015-05-26",11625.129883
"2015-05-27",11771.129883
"2015-05-28",11677.570313
"2015-05-29",11413.820313
"2015-06-01",11436.049805
"2015-06-02",11328.799805
"2015-06-03",11419.620117
"2015-06-04",11340.599609
"2015-06-05",11197.150391
"2015-06-08",11064.919922
"2015-06-09",11001.290039
"2015-06-10",11265.389648
"2015-06-11",11332.780273
"2015-06-12",11196.490234
"2015-06-15",10984.969727
"2015-06-16",11044.009766
"2015-06-17",10978.009766
"2015-06-18",11100.299805
"2015-06-19",11040.099609
"2015-06-22",11460.5
"2015-06-23",11542.540039
"2015-06-24",11471.259766
"2015-06-25",11473.129883
"2015-06-26",11492.429688
"2015-06-29",11083.200195
"2015-06-30",10944.969727
"2015-07-01",11180.5
"2015-07-02",11099.349609
"2015-07-03",11058.389648
"2015-07-06",10890.629883
"2015-07-07",10676.780273
"2015-07-08",10747.299805
"2015-07-09",10996.410156
"2015-07-10",11315.629883
"2015-07-13",11484.379883
"2015-07-14",11516.900391
"2015-07-15",11539.660156
"2015-07-16",11716.759766
"2015-07-17",11673.419922
"2015-07-20",11735.719727
"2015-07-21",11604.799805
"2015-07-22",11520.669922
"2015-07-23",11512.110352
"2015-07-24",11347.450195
"2015-07-27",11056.400391
"2015-07-28",11173.910156
"2015-07-29",11211.849609
"2015-07-30",11257.150391
"2015-07-31",11308.990234
"2015-08-03",11443.719727
"2015-08-04",11456.070313
"2015-08-05",11636.299805
"2015-08-06",11585.099609
"2015-08-07",11490.830078
"2015-08-10",11604.780273
"2015-08-11",11293.650391
"2015-08-12",10924.610352
"2015-08-13",11014.629883
"2015-08-14",10985.139648
"2015-08-17",10940.330078
"2015-08-18",10915.919922
"2015-08-19",10682.150391
"2015-08-20",10432.19043
"2015-08-21",10124.519531
"2015-08-24",9648.429688
"2015-08-25",10128.120117
"2015-08-26",9997.429688
"2015-08-27",10315.620117
"2015-08-28",10298.530273
"2015-08-31",10259.459961
"2015-09-01",10015.570313
"2015-09-02",10048.049805
"2015-09-03",10317.839844
"2015-09-04",10038.040039
"2015-09-07",10108.610352
"2015-09-08",10271.360352
"2015-09-09",10303.120117
"2015-09-10",10210.44043
"2015-09-11",10123.55957
"2015-09-14",10131.740234
"2015-09-15",10188.129883
"2015-09-16",10227.209961
"2015-09-17",10229.580078
"2015-09-18",9916.160156
"2015-09-21",9948.509766
"2015-09-22",9570.660156
"2015-09-23",9612.620117
"2015-09-24",9427.639648
"2015-09-25",9688.530273
"2015-09-28",9483.549805
"2015-09-29",9450.400391
"2015-09-30",9660.44043
"2015-10-01",9509.25
"2015-10-02",9553.070313
"2015-10-05",9814.790039
"2015-10-06",9902.830078
"2015-10-07",9970.400391
"2015-10-08",9993.070313
"2015-10-09",10096.599609
"2015-10-12",10119.830078
"2015-10-13",10032.820313
"2015-10-14",9915.849609
"2015-10-15",10064.799805
"2015-10-16",10104.429688
"2015-10-19",10164.30957
"2015-10-20",10147.679688
"2015-10-21",10238.099609
"2015-10-22",10491.969727
"2015-10-23",10794.540039
"2015-10-26",10801.339844
"2015-10-27",10692.19043
"2015-10-28",10831.959961
"2015-10-29",10800.839844
"2015-10-30",10850.139648
"2015-11-02",10950.669922
"2015-11-03",10951.150391
"2015-11-04",10845.240234
"2015-11-05",10887.740234
"2015-11-06",10988.030273
"2015-11-09",10815.450195
"2015-11-10",10832.519531
"2015-11-11",10907.870117
"2015-11-12",10782.629883
"2015-11-13",10708.400391
"2015-11-16",10713.230469
"2015-11-17",10971.040039
"2015-11-18",10959.950195
"2015-11-19",11085.44043
"2015-11-20",11119.830078
"2015-11-23",11092.30957
"2015-11-24",10933.990234
"2015-11-25",11169.540039
"2015-11-26",11320.769531
"2015-11-27",11293.759766
"2015-11-30",11382.230469
"2015-12-01",11261.240234
"2015-12-02",11190.019531
"2015-12-03",10789.240234
"2015-12-04",10752.099609
"2015-12-07",10886.089844
"2015-12-08",10673.599609
"2015-12-09",10592.490234
"2015-12-10",10598.929688
"2015-12-11",10340.05957
"2015-12-14",10139.339844
"2015-12-15",10450.379883
"2015-12-16",10469.259766
"2015-12-17",10738.120117
"2015-12-18",10608.19043
"2015-12-21",10497.769531
"2015-12-22",10488.75
"2015-12-23",10727.639648
"2015-12-25",NA
"2015-12-28",10653.910156
"2015-12-29",10860.139648
"2015-12-30",10743.009766
"2016-01-04",10283.44043
"2016-01-05",10310.099609
"2016-01-06",10214.019531
"2016-01-07",9979.849609
"2016-01-08",9849.339844
"2016-01-11",9825.070313
"2016-01-12",9985.429688
"2016-01-13",9960.959961
"2016-01-14",9794.200195
"2016-01-15",9545.269531
"2016-01-18",9521.849609
"2016-01-19",9664.209961
"2016-01-20",9391.639648
"2016-01-21",9574.160156
"2016-01-22",9764.879883
"2016-01-25",9736.150391
"2016-01-26",9822.75
"2016-01-27",9880.820313
"2016-01-28",9639.589844
"2016-01-29",9798.110352
"2016-02-01",9757.879883
"2016-02-02",9581.040039
"2016-02-03",9434.820313
"2016-02-04",9393.360352
"2016-02-05",9286.230469
"2016-02-08",8979.360352
"2016-02-09",8879.400391
"2016-02-10",9017.290039
"2016-02-11",8752.870117
"2016-02-12",8967.509766
"2016-02-15",9206.839844
"2016-02-16",9135.110352
"2016-02-17",9377.209961
"2016-02-18",9463.639648
"2016-02-19",9388.049805
"2016-02-22",9573.589844
"2016-02-23",9416.769531
"2016-02-24",9167.799805
"2016-02-25",9331.480469
"2016-02-26",9513.299805
"2016-02-29",9495.400391
"2016-03-01",9717.160156
"2016-03-02",9776.620117
"2016-03-03",9751.919922
"2016-03-04",9824.169922
"2016-03-07",9778.929688
"2016-03-08",9692.820313
"2016-03-09",9723.089844
"2016-03-10",9498.150391
"2016-03-11",9831.129883
"2016-03-14",9990.259766
"2016-03-15",9933.849609
"2016-03-16",9983.410156
"2016-03-17",9892.200195
"2016-03-18",9950.799805
"2016-03-21",9948.639648
"2016-03-22",9990
"2016-03-23",10022.929688
"2016-03-24",9851.349609
"2016-03-29",9887.94043
"2016-03-30",10046.610352
"2016-03-31",9965.509766
"2016-04-01",9794.639648
"2016-04-04",9822.080078
"2016-04-05",9563.360352
"2016-04-06",9624.509766
"2016-04-07",9530.620117
"2016-04-08",9622.259766
"2016-04-11",9682.990234
"2016-04-12",9761.469727
"2016-04-13",10026.099609
"2016-04-14",10093.650391
"2016-04-15",10051.570313
"2016-04-18",10120.30957
"2016-04-19",10349.589844
"2016-04-20",10421.290039
"2016-04-21",10435.730469
"2016-04-22",10373.490234
"2016-04-25",10294.349609
"2016-04-26",10259.589844
"2016-04-27",10299.830078
"2016-04-28",10321.150391
"2016-04-29",10038.969727
"2016-05-02",10123.269531
"2016-05-03",9926.769531
"2016-05-04",9828.25
"2016-05-05",9851.860352
"2016-05-06",9869.950195
"2016-05-09",9980.490234
"2016-05-10",10045.44043
"2016-05-11",9975.320313
"2016-05-12",9862.120117
"2016-05-13",9952.900391
"2016-05-17",9890.19043
"2016-05-18",9943.230469
"2016-05-19",9795.889648
"2016-05-20",9916.019531
"2016-05-23",9842.290039
"2016-05-24",10057.30957
"2016-05-25",10205.209961
"2016-05-26",10272.709961
"2016-05-27",10286.30957
"2016-05-30",10333.230469
"2016-05-31",10262.740234
"2016-06-01",10204.44043
"2016-06-02",10208
"2016-06-03",10103.259766
"2016-06-06",10121.080078
"2016-06-07",10287.679688
"2016-06-08",10217.030273
"2016-06-09",10088.870117
"2016-06-10",9834.620117
"2016-06-13",9657.44043
"2016-06-14",9519.200195
"2016-06-15",9606.709961
"2016-06-16",9550.469727
"2016-06-17",9631.360352
"2016-06-20",9962.019531
"2016-06-21",10015.540039
"2016-06-22",10071.05957
"2016-06-23",10257.030273
"2016-06-24",9557.160156
"2016-06-27",9268.660156
"2016-06-28",9447.280273
"2016-06-29",9612.269531
"2016-06-30",9680.089844
"2016-07-01",9776.120117
"2016-07-04",9709.089844
"2016-07-05",9532.610352
"2016-07-06",9373.259766
"2016-07-07",9418.780273
"2016-07-08",9629.660156
"2016-07-11",9833.410156
"2016-07-12",9964.070313
"2016-07-13",9930.709961
"2016-07-14",10068.299805
"2016-07-15",10066.900391
"2016-07-18",10063.129883
"2016-07-19",9981.240234
"2016-07-20",10142.009766
"2016-07-21",10156.209961
"2016-07-22",10147.459961
"2016-07-25",10198.240234
"2016-07-26",10247.759766
"2016-07-27",10319.549805
"2016-07-28",10274.929688
"2016-07-29",10337.5
"2016-08-01",10330.519531
"2016-08-02",10144.339844
"2016-08-03",10170.209961
"2016-08-04",10227.860352
"2016-08-05",10367.209961
"2016-08-08",10432.360352
"2016-08-09",10692.900391
"2016-08-10",10650.889648
"2016-08-11",10742.839844
"2016-08-12",10713.429688
"2016-08-15",10739.209961
"2016-08-16",10676.650391
"2016-08-17",10537.669922
"2016-08-18",10603.030273
"2016-08-19",10544.360352
"2016-08-22",10494.349609
"2016-08-23",10592.879883
"2016-08-24",10622.969727
"2016-08-25",10529.589844
"2016-08-26",10587.769531
"2016-08-29",10544.44043
"2016-08-30",10657.639648
"2016-08-31",10592.69043
"2016-09-01",10534.30957
"2016-09-02",10683.820313
"2016-09-05",10672.219727
"2016-09-06",10687.139648
"2016-09-07",10752.980469
"2016-09-08",10675.290039
"2016-09-09",10573.44043
"2016-09-12",10431.769531
"2016-09-13",10386.599609
"2016-09-14",10378.400391
"2016-09-15",10431.200195
"2016-09-16",10276.169922
"2016-09-19",10373.870117
"2016-09-20",10393.860352
"2016-09-21",10436.490234
"2016-09-22",10674.179688
"2016-09-23",10626.969727
"2016-09-26",10393.709961
"2016-09-27",10361.480469
"2016-09-28",10438.339844
"2016-09-29",10405.540039
"2016-09-30",10511.019531
"2016-10-04",10619.610352
"2016-10-05",10585.780273
"2016-10-06",10568.799805
"2016-10-07",10490.860352
"2016-10-10",10624.080078
"2016-10-11",10577.160156
"2016-10-12",10523.070313
"2016-10-13",10414.070313
"2016-10-14",10580.379883
"2016-10-17",10503.570313
"2016-10-18",10631.549805
"2016-10-19",10645.679688
"2016-10-20",10701.389648
"2016-10-21",10710.730469
"2016-10-24",10761.169922
"2016-10-25",10757.30957
"2016-10-26",10709.679688
"2016-10-27",10717.080078
"2016-10-28",10696.19043
"2016-10-31",10665.009766
"2016-11-01",10526.160156
"2016-11-02",10370.929688
"2016-11-03",10325.879883
"2016-11-04",10259.129883
"2016-11-07",10456.950195
"2016-11-08",10482.320313
"2016-11-09",10646.009766
"2016-11-10",10630.120117
"2016-11-11",10667.950195
"2016-11-14",10693.69043
"2016-11-15",10735.139648
"2016-11-16",10663.870117
"2016-11-17",10685.540039
"2016-11-18",10664.55957
"2016-11-21",10685.129883
"2016-11-22",10713.849609
"2016-11-23",10662.44043
"2016-11-24",10689.259766
"2016-11-25",10699.269531
"2016-11-28",10582.669922
"2016-11-29",10620.490234
"2016-11-30",10640.299805
"2016-12-01",10534.049805
"2016-12-02",10513.349609
"2016-12-05",10684.830078
"2016-12-06",10775.320313
"2016-12-07",10986.69043
"2016-12-08",11179.419922
"2016-12-09",11203.629883
"2016-12-12",11190.209961
"2016-12-13",11284.650391
"2016-12-14",11244.839844
"2016-12-15",11366.400391
"2016-12-16",11404.009766
"2016-12-19",11426.700195
"2016-12-20",11464.740234
"2016-12-21",11468.639648
"2016-12-22",11456.099609
"2016-12-23",11449.929688
"2016-12-27",11472.240234
"2016-12-28",11474.990234
"2016-12-29",11451.049805
"2016-12-30",11481.05957
"2017-01-02",11598.330078
"2017-01-03",11584.240234
"2017-01-04",11584.30957
"2017-01-05",11584.94043
"2017-01-06",11599.009766
"2017-01-09",11563.990234
"2017-01-10",11583.299805
"2017-01-11",11646.169922
"2017-01-12",11521.040039
"2017-01-13",11629.179688
"2017-01-16",11554.709961
"2017-01-17",11540
"2017-01-18",11599.389648
"2017-01-19",11596.889648
"2017-01-20",11630.129883
"2017-01-23",11545.75
"2017-01-24",11594.94043
"2017-01-25",11806.049805
"2017-01-26",11848.629883
"2017-01-27",11814.269531
"2017-01-30",11681.889648
"2017-01-31",11535.30957
"2017-02-01",11659.5
"2017-02-02",11627.950195
"2017-02-03",11651.490234
"2017-02-06",11509.839844
"2017-02-07",11549.44043
"2017-02-08",11543.379883
"2017-02-09",11642.860352
"2017-02-10",11666.969727
"2017-02-13",11774.429688
"2017-02-14",11771.80957
"2017-02-15",11793.929688
"2017-02-16",11757.240234
"2017-02-17",11757.019531
"2017-02-20",11827.620117
"2017-02-21",11967.490234
"2017-02-22",11998.589844
"2017-02-23",11947.830078
"2017-02-24",11804.030273
"2017-02-27",11822.669922
"2017-02-28",11834.410156
"2017-03-01",12067.19043
"2017-03-02",12059.570313
"2017-03-03",12027.360352
"2017-03-06",11958.400391
"2017-03-07",11966.139648
"2017-03-08",11967.30957
"2017-03-09",11978.389648
"2017-03-10",11963.179688
"2017-03-13",11990.030273
"2017-03-14",11988.790039
"2017-03-15",12009.870117
"2017-03-16",12083.179688
"2017-03-17",12095.240234
"2017-03-20",12052.900391
"2017-03-21",11962.129883
"2017-03-22",11904.120117
"2017-03-23",12039.679688
"2017-03-24",12064.269531
"2017-03-27",11996.070313
"2017-03-28",12149.419922
"2017-03-29",12203
"2017-03-30",12256.429688
"2017-03-31",12312.870117
"2017-04-03",12257.200195
"2017-04-04",12282.339844
"2017-04-05",12217.540039
"2017-04-06",12230.889648
"2017-04-07",12225.05957
"2017-04-10",12200.519531
"2017-04-11",12139.349609
"2017-04-12",12154.700195
"2017-04-13",12109
"2017-04-18",12000.44043
"2017-04-19",12016.450195
"2017-04-20",12027.320313
"2017-04-21",12048.570313
"2017-04-24",12454.980469
"2017-04-25",12467.040039
"2017-04-26",12472.799805
"2017-04-27",12443.790039
"2017-04-28",12438.009766
"2017-05-02",12507.900391
"2017-05-03",12527.839844
"2017-05-04",12647.780273
"2017-05-05",12716.889648
"2017-05-08",12694.549805
"2017-05-09",12749.120117
"2017-05-10",12757.459961
"2017-05-11",12711.05957
"2017-05-12",12770.410156
"2017-05-15",12807.040039
"2017-05-16",12804.530273
"2017-05-17",12631.610352
"2017-05-18",12590.05957
"2017-05-19",12638.69043
"2017-05-22",12619.459961
"2017-05-23",12659.150391
"2017-05-24",12642.870117
"2017-05-25",12621.719727
"2017-05-26",12602.179688
"2017-05-29",12628.950195
"2017-05-30",12598.679688
"2017-05-31",12615.05957
"2017-06-01",12664.919922
"2017-06-02",12822.94043
"2017-06-05",NA
"2017-06-06",12690.120117
"2017-06-07",12672.490234
"2017-06-08",12713.580078
"2017-06-09",12815.719727
"2017-06-12",12690.44043
"2017-06-13",12764.980469
"2017-06-14",12805.950195
"2017-06-15",12691.80957
"2017-06-16",12752.730469
"2017-06-19",12888.950195
"2017-06-20",12814.790039
"2017-06-21",12774.259766
"2017-06-22",12794
"2017-06-23",12733.410156
"2017-06-26",12770.830078
"2017-06-27",12671.019531
"2017-06-28",12647.269531
"2017-06-29",12416.19043
"2017-06-30",12325.120117
"2017-07-03",12475.30957
"2017-07-04",12437.129883
"2017-07-05",12453.679688
"2017-07-06",12381.25
"2017-07-07",12388.679688
"2017-07-10",12445.919922
"2017-07-11",12437.019531
"2017-07-12",12626.580078
"2017-07-13",12641.330078
"2017-07-14",12631.719727
"2017-07-17",12587.160156
"2017-07-18",12430.389648
"2017-07-19",12452.049805
"2017-07-20",12447.25
"2017-07-21",12240.05957
"2017-07-24",12208.950195
"2017-07-25",12264.30957
"2017-07-26",12305.110352
"2017-07-27",12212.040039
"2017-07-28",12162.700195
"2017-07-31",12118.25
"2017-08-01",12251.290039
"2017-08-02",12181.480469
"2017-08-03",12154.719727
"2017-08-04",12297.719727
"2017-08-07",12257.169922
"2017-08-08",12292.049805
"2017-08-09",12154
"2017-08-10",12014.299805
"2017-08-11",12014.05957
"2017-08-14",12165.120117
"2017-08-15",12177.040039
"2017-08-16",12263.860352
"2017-08-17",12203.459961
"2017-08-18",12165.19043
"2017-08-21",12065.990234
"2017-08-22",12229.339844
"2017-08-23",12174.299805
"2017-08-24",12180.830078
"2017-08-25",12167.94043
"2017-08-28",12123.469727
"2017-08-29",11945.879883
"2017-08-30",12002.469727
"2017-08-31",12055.839844
"2017-09-01",12142.639648
"2017-09-04",12102.209961
"2017-09-05",12123.709961
"2017-09-06",12214.540039
"2017-09-07",12296.629883
"2017-09-08",12303.980469
"2017-09-11",12475.240234
"2017-09-12",12524.769531
"2017-09-13",12553.570313
"2017-09-14",12540.450195
"2017-09-15",12518.80957
"2017-09-18",12559.389648
"2017-09-19",12561.790039
"2017-09-20",12569.169922
"2017-09-21",12600.030273
"2017-09-22",12592.349609
"2017-09-25",12594.80957
"2017-09-26",12605.200195
"2017-09-27",12657.410156
"2017-09-28",12704.650391
"2017-09-29",12828.860352
"2017-10-02",12902.650391
"2017-10-03",NA
"2017-10-04",12970.519531
"2017-10-05",12968.049805
"2017-10-06",12955.94043
"2017-10-09",12976.400391
"2017-10-10",12949.25
"2017-10-11",12970.679688
"2017-10-12",12982.889648
"2017-10-13",12991.870117
"2017-10-16",13003.700195
"2017-10-17",12995.05957
"2017-10-18",13043.030273
"2017-10-19",12990.099609
"2017-10-20",12991.280273
"2017-10-23",13003.139648
"2017-10-24",13013.19043
"2017-10-25",12953.410156
"2017-10-26",13133.280273
"2017-10-27",13217.540039
"2017-10-30",13229.570313
"2017-10-31",NA
"2017-11-01",13465.509766
"2017-11-02",13440.929688
"2017-11-03",13478.860352
"2017-11-06",13468.790039
"2017-11-07",13379.269531
"2017-11-08",13382.419922
"2017-11-09",13182.55957
"2017-11-10",13127.469727
"2017-11-13",13074.419922
"2017-11-14",13033.480469
"2017-11-15",12976.370117
"2017-11-16",13047.219727
"2017-11-17",12993.730469
"2017-11-20",13058.660156
"2017-11-21",13167.540039
"2017-11-22",13015.040039
"2017-11-23",13008.549805
"2017-11-24",13059.839844
"2017-11-27",13000.200195
"2017-11-28",13059.530273
"2017-11-29",13061.870117
"2017-11-30",13023.980469
"2017-12-01",12861.490234
"2017-12-04",13058.549805
"2017-12-05",13048.540039
"2017-12-06",12998.849609
"2017-12-07",13045.150391
"2017-12-08",13153.700195
"2017-12-11",13123.650391
"2017-12-12",13183.530273
"2017-12-13",13125.639648
"2017-12-14",13068.080078
"2017-12-15",13103.55957
"2017-12-18",13312.299805
"2017-12-19",13215.790039
"2017-12-20",13069.169922
"2017-12-21",13109.740234
"2017-12-22",13072.790039
"2017-12-27",13070.019531
"2017-12-28",12979.94043
"2017-12-29",12917.639648
"2018-01-02",12871.389648
"2018-01-03",12978.209961
"2018-01-04",13167.889648
"2018-01-05",13319.639648
"2018-01-08",13367.780273
"2018-01-09",13385.589844
"2018-01-10",13281.339844
"2018-01-11",13202.900391
"2018-01-12",13245.030273
"2018-01-15",13200.509766
"2018-01-16",13246.330078
"2018-01-17",13183.959961
"2018-01-18",13281.429688
"2018-01-19",13434.450195
"2018-01-22",13463.69043
"2018-01-23",13559.599609
"2018-01-24",13414.740234
"2018-01-25",13298.360352
"2018-01-26",13340.169922
"2018-01-29",13324.480469
"2018-01-30",13197.709961
"2018-01-31",13189.480469
"2018-02-01",13003.900391
"2018-02-02",12785.160156
"2018-02-05",12687.490234
"2018-02-06",12392.660156
"2018-02-07",12590.429688
"2018-02-08",12260.290039
"2018-02-09",12107.480469
"2018-02-12",12282.769531
"2018-02-13",12196.5
"2018-02-14",12339.160156
"2018-02-15",12346.169922
"2018-02-16",12451.959961
"2018-02-19",12385.599609
"2018-02-20",12487.900391
"2018-02-21",12470.490234
"2018-02-22",12461.910156
"2018-02-23",12483.790039
"2018-02-26",12527.040039
"2018-02-27",12490.730469
"2018-02-28",12435.849609
"2018-03-01",12190.94043
"2018-03-02",11913.709961
"2018-03-05",12090.870117
"2018-03-06",12113.870117
"2018-03-07",12245.360352
"2018-03-08",12355.570313
"2018-03-09",12346.679688
"2018-03-12",12418.389648
"2018-03-13",12221.030273
"2018-03-14",12237.740234
"2018-03-15",12345.55957
"2018-03-16",12389.580078
"2018-03-19",12217.019531
"2018-03-20",12307.330078
"2018-03-21",12309.150391
"2018-03-22",12100.080078
"2018-03-23",11886.30957
"2018-03-26",11787.259766
"2018-03-27",11970.830078
"2018-03-28",11940.709961
"2018-03-29",12096.730469
"2018-04-03",12002.450195
"2018-04-04",11957.900391
"2018-04-05",12305.19043
"2018-04-06",12241.269531
"2018-04-09",12261.75
"2018-04-10",12397.320313
"2018-04-11",12293.969727
"2018-04-12",12415.009766
"2018-04-13",12442.400391
"2018-04-16",12391.410156
"2018-04-17",12585.570313
"2018-04-18",12590.830078
"2018-04-19",12567.419922
"2018-04-20",12540.5
"2018-04-23",12572.389648
"2018-04-24",12550.820313
"2018-04-25",12422.299805
"2018-04-26",12500.469727
"2018-04-27",12580.870117
"2018-04-30",12612.110352
"2018-05-02",12802.25
"2018-05-03",12690.150391
"2018-05-04",12819.599609
"2018-05-07",12948.139648
"2018-05-08",12912.209961
"2018-05-09",12943.05957
"2018-05-10",13022.870117
"2018-05-11",13001.240234
"2018-05-14",12977.709961
"2018-05-15",12970.040039
"2018-05-16",12996.330078
"2018-05-17",13114.610352
"2018-05-18",13077.719727
"2018-05-21",NA
"2018-05-22",13169.919922
"2018-05-23",12976.839844
"2018-05-24",12855.089844
"2018-05-25",12938.009766
"2018-05-28",12863.459961
"2018-05-29",12666.509766
"2018-05-30",12783.759766
"2018-05-31",12604.889648
"2018-06-01",12724.269531
"2018-06-04",12770.75
"2018-06-05",12787.129883
"2018-06-06",12830.070313
"2018-06-07",12811.049805
"2018-06-08",12766.549805
"2018-06-11",12842.910156
"2018-06-12",12842.299805
"2018-06-13",12890.580078
"2018-06-14",13107.099609
"2018-06-15",13010.549805
"2018-06-18",12834.110352
"2018-06-19",12677.969727
"2018-06-20",12695.160156
"2018-06-21",12511.910156
"2018-06-22",12579.719727
"2018-06-25",12270.330078
"2018-06-26",12234.339844
"2018-06-27",12348.610352
"2018-06-28",12177.230469
"2018-06-29",12306
"2018-07-02",12238.169922
"2018-07-03",12349.139648
"2018-07-04",12317.610352
"2018-07-05",12464.290039
"2018-07-06",12496.169922
"2018-07-09",12543.889648
"2018-07-10",12609.849609
"2018-07-11",12417.129883
"2018-07-12",12492.969727
"2018-07-13",12540.730469
"2018-07-16",12561.019531
"2018-07-17",12661.540039
"2018-07-18",12765.94043
"2018-07-19",12686.290039
"2018-07-20",12561.419922
"2018-07-23",12548.570313
"2018-07-24",12689.389648
"2018-07-25",12579.330078
"2018-07-26",12809.230469
"2018-07-27",12860.400391
"2018-07-30",12798.200195
"2018-07-31",12805.5
"2018-08-01",12737.049805
"2018-08-02",12546.330078
"2018-08-03",12615.759766
"2018-08-06",12598.209961
"2018-08-07",12648.19043
"2018-08-08",12633.540039
"2018-08-09",12676.110352
"2018-08-10",12424.349609
"2018-08-13",12358.740234
"2018-08-14",12358.870117
"2018-08-15",12163.009766
"2018-08-16",12237.169922
"2018-08-17",12210.549805
"2018-08-20",12331.299805
"2018-08-21",12384.490234
"2018-08-22",12385.700195
"2018-08-23",12365.580078
"2018-08-24",12394.519531
"2018-08-27",12538.30957
"2018-08-28",12527.419922
"2018-08-29",12561.679688
"2018-08-30",12494.240234
"2018-08-31",12364.05957
"2018-09-03",12346.410156
"2018-09-04",12210.209961
"2018-09-05",12040.459961
"2018-09-06",11955.25
"2018-09-07",11959.629883
"2018-09-10",11986.339844
"2018-09-11",11970.269531
"2018-09-12",12032.299805
"2018-09-13",12055.549805
"2018-09-14",12124.330078
"2018-09-17",12096.410156
"2018-09-18",12157.669922
"2018-09-19",12219.019531
"2018-09-20",12326.480469
"2018-09-21",12430.879883
"2018-09-24",12350.820313
"2018-09-25",12374.660156
"2018-09-26",12385.889648
"2018-09-27",12435.589844
"2018-09-28",12246.730469
"2018-10-01",12339.030273
"2018-10-02",12287.580078
"2018-10-04",12244.139648
"2018-10-05",12111.900391
"2018-10-08",11947.160156
"2018-10-09",11977.219727
"2018-10-10",11712.5
"2018-10-11",11539.349609
"2018-10-12",11523.80957
"2018-10-15",11614.160156
"2018-10-16",11776.549805
"2018-10-17",11715.030273
"2018-10-18",11589.209961
"2018-10-19",11553.830078
"2018-10-22",11524.339844
"2018-10-23",11274.280273
"2018-10-24",11191.629883
"2018-10-25",11307.120117
"2018-10-26",11200.620117
"2018-10-29",11335.480469
"2018-10-30",11287.389648
"2018-10-31",11447.509766
"2018-11-01",11468.540039
"2018-11-02",11518.990234
"2018-11-05",11494.959961
"2018-11-06",11484.339844
"2018-11-07",11579.099609
"2018-11-08",11527.320313
"2018-11-09",11529.160156
"2018-11-12",11325.44043
"2018-11-13",11472.219727
"2018-11-14",11412.530273
"2018-11-15",11353.669922
"2018-11-16",11341
"2018-11-19",11244.540039
"2018-11-20",11066.410156
"2018-11-21",11244.169922
"2018-11-22",11138.490234
"2018-11-23",11192.69043
"2018-11-26",11354.719727
"2018-11-27",11309.110352
"2018-11-28",11298.879883
"2018-11-29",11298.230469
"2018-11-30",11257.240234
"2018-12-03",11465.459961
"2018-12-04",11335.320313
"2018-12-05",11200.240234
"2018-12-06",10810.980469
"2018-12-07",10788.089844
"2018-12-10",10622.070313
"2018-12-11",10780.509766
"2018-12-12",10929.429688
"2018-12-13",10924.700195
"2018-12-14",10865.769531
"2018-12-17",10772.200195
"2018-12-18",10740.889648
"2018-12-19",10766.209961
"2018-12-20",10611.099609
"2018-12-21",10633.820313
"2018-12-27",10381.509766
"2018-12-28",10558.959961
"2019-01-02",10580.19043
"2019-01-03",10416.660156
"2019-01-04",10767.69043
"2019-01-07",10747.80957
"2019-01-08",10803.980469
"2019-01-09",10893.320313
"2019-01-10",10921.589844
"2019-01-11",10887.459961
"2019-01-14",10855.910156
"2019-01-15",10891.790039
"2019-01-16",10931.240234
"2019-01-17",10918.620117
"2019-01-18",11205.540039
"2019-01-21",11136.200195
"2019-01-22",11090.110352
"2019-01-23",11071.540039
"2019-01-24",11130.179688
"2019-01-25",11281.790039
"2019-01-28",11210.30957
"2019-01-29",11218.830078
"2019-01-30",11181.660156
"2019-01-31",11173.099609
"2019-02-01",11180.660156
"2019-02-04",11176.580078
"2019-02-05",11367.980469
"2019-02-06",11324.719727
"2019-02-07",11022.019531
"2019-02-08",10906.780273
"2019-02-11",11014.589844
"2019-02-12",11126.080078
"2019-02-13",11167.219727
"2019-02-14",11089.790039
"2019-02-15",11299.799805
"2019-02-18",11299.200195
"2019-02-19",11309.209961
"2019-02-20",11401.969727
"2019-02-21",11423.280273
"2019-02-22",11457.700195
"2019-02-25",11505.389648
"2019-02-26",11540.790039
"2019-02-27",11487.330078
"2019-02-28",11515.639648
"2019-03-01",11601.679688
"2019-03-04",11592.660156
"2019-03-05",11620.740234
"2019-03-06",11587.629883
"2019-03-07",11517.799805
"2019-03-08",11457.839844
"2019-03-11",11543.480469
"2019-03-12",11524.169922
"2019-03-13",11572.410156
"2019-03-14",11587.469727
"2019-03-15",11685.69043
"2019-03-18",11657.05957
"2019-03-19",11788.410156
"2019-03-20",11603.889648
"2019-03-21",11549.959961
"2019-03-22",11364.169922
"2019-03-25",11346.650391
"2019-03-26",11419.480469
"2019-03-27",11419.040039
"2019-03-28",11428.160156
"2019-03-29",11526.040039
"2019-04-01",11681.990234
"2019-04-02",11754.790039
"2019-04-03",11954.400391
"2019-04-04",11988.009766
"2019-04-05",12009.75
"2019-04-08",11963.400391
"2019-04-09",11850.570313
"2019-04-10",11905.910156
"2019-04-11",11935.200195
"2019-04-12",11999.929688
"2019-04-15",12020.280273
"2019-04-16",12101.320313
"2019-04-17",12153.070313
"2019-04-18",12222.389648
"2019-04-23",12235.509766
"2019-04-24",12313.160156
"2019-04-25",12282.599609
"2019-04-26",12315.179688
"2019-04-29",12328.019531
"2019-04-30",12344.080078
"2019-05-02",12345.419922
"2019-05-03",12412.75
"2019-05-06",12286.879883
"2019-05-07",12092.740234
"2019-05-08",12179.929688
"2019-05-09",11973.919922
"2019-05-10",12059.830078
"2019-05-13",11876.650391
"2019-05-14",11991.620117
"2019-05-15",12099.570313
"2019-05-16",12310.370117
"2019-05-17",12238.94043
"2019-05-20",12041.290039
"2019-05-21",12143.469727
"2019-05-22",12168.740234
"2019-05-23",11952.410156
"2019-05-24",12011.040039
"2019-05-27",12071.179688
"2019-05-28",12027.049805
"2019-05-29",11837.80957
"2019-05-30",11902.080078
"2019-05-31",11726.839844
"2019-06-03",11792.80957
"2019-06-04",11971.169922
"2019-06-05",11980.80957
"2019-06-06",11953.139648
"2019-06-07",12045.379883
"2019-06-11",12155.80957
"2019-06-12",12115.679688
"2019-06-13",12169.049805
"2019-06-14",12096.400391
"2019-06-17",12085.820313
"2019-06-18",12331.75
"2019-06-19",12308.530273
"2019-06-20",12355.389648
"2019-06-21",12339.919922
"2019-06-24",12274.570313
"2019-06-25",12228.44043
"2019-06-26",12245.320313
"2019-06-27",12271.030273
"2019-06-28",12398.799805
"2019-07-01",12521.379883
"2019-07-02",12526.719727
"2019-07-03",12616.240234
"2019-07-04",12629.900391
"2019-07-05",12568.530273
"2019-07-08",12543.509766
"2019-07-09",12436.549805
"2019-07-10",12373.410156
"2019-07-11",12332.120117
"2019-07-12",12323.320313
"2019-07-15",12387.339844
"2019-07-16",12430.969727
"2019-07-17",12341.030273
"2019-07-18",12227.849609
"2019-07-19",12260.070313
"2019-07-22",12289.400391
"2019-07-23",12490.740234
"2019-07-24",12522.889648
"2019-07-25",12362.099609
"2019-07-26",12419.900391
"2019-07-29",12417.469727
"2019-07-30",12147.240234
"2019-07-31",12189.040039
"2019-08-01",12253.150391
"2019-08-02",11872.44043
"2019-08-05",11658.509766
"2019-08-06",11567.959961
"2019-08-07",11650.150391
"2019-08-08",11845.410156
"2019-08-09",11693.799805
"2019-08-12",11679.679688
"2019-08-13",11750.129883
"2019-08-14",11492.660156
"2019-08-15",11412.669922
"2019-08-16",11562.740234
"2019-08-19",11715.370117
"2019-08-20",11651.179688
"2019-08-21",11802.849609
"2019-08-22",11747.040039
"2019-08-23",11611.509766
"2019-08-26",11658.040039
"2019-08-27",11730.019531
"2019-08-28",11701.019531
"2019-08-29",11838.879883
"2019-08-30",11939.280273
"2019-09-02",11953.780273
"2019-09-03",11910.860352
"2019-09-04",12025.040039
"2019-09-05",12126.780273
"2019-09-06",12191.730469
"2019-09-09",12226.099609
"2019-09-10",12268.709961
"2019-09-11",12359.070313
"2019-09-12",12410.25
"2019-09-13",12468.530273
"2019-09-16",12380.30957
"2019-09-17",12372.610352
"2019-09-18",12389.620117
"2019-09-19",12457.700195
"2019-09-20",12468.009766
"2019-09-23",12342.330078
"2019-09-24",12307.150391
"2019-09-25",12234.179688
"2019-09-26",12288.540039
"2019-09-27",12380.94043
"2019-09-30",12428.080078
"2019-10-01",12263.830078
"2019-10-02",11925.25
"2019-10-04",12012.80957
"2019-10-07",12097.429688
"2019-10-08",11970.200195
"2019-10-09",12094.259766
"2019-10-10",12164.200195
"2019-10-11",12511.650391
"2019-10-14",12486.55957
"2019-10-15",12629.790039
"2019-10-16",12670.110352
"2019-10-17",12654.950195
"2019-10-18",12633.599609
"2019-10-21",12747.959961
"2019-10-22",12754.69043
"2019-10-23",12798.19043
"2019-10-24",12872.099609
"2019-10-25",12894.509766
"2019-10-28",12941.709961
"2019-10-29",12939.620117
"2019-10-30",12910.230469
"2019-10-31",12866.790039
"2019-11-01",12961.049805
"2019-11-04",13136.280273
"2019-11-05",13148.5
"2019-11-06",13179.889648
"2019-11-07",13289.459961
"2019-11-08",13228.55957
"2019-11-11",13198.370117
"2019-11-12",13283.509766
"2019-11-13",13230.070313
"2019-11-14",13180.230469
"2019-11-15",13241.75
"2019-11-18",13207.009766
"2019-11-19",13221.120117
"2019-11-20",13158.139648
"2019-11-21",13137.700195
"2019-11-22",13163.879883
"2019-11-25",13246.450195
"2019-11-26",13236.419922
"2019-11-27",13287.070313
"2019-11-28",13245.580078
"2019-11-29",13236.379883
"2019-12-02",12964.679688
"2019-12-03",12989.290039
"2019-12-04",13140.570313
"2019-12-05",13054.799805
"2019-12-06",13166.580078
"2019-12-09",13105.610352
"2019-12-10",13070.719727
"2019-12-11",13146.740234
"2019-12-12",13221.639648
"2019-12-13",13282.719727
"2019-12-16",13407.660156
"2019-12-17",13287.830078
"2019-12-18",13222.160156
"2019-12-19",13211.959961
"2019-12-20",13318.900391
"2019-12-23",13300.980469
"2019-12-27",13337.110352
"2019-12-30",13249.009766
"2020-01-02",13385.929688
"2020-01-03",13219.139648
"2020-01-06",13126.990234
"2020-01-07",13226.830078
"2020-01-08",13320.179688
"2020-01-09",13495.05957
"2020-01-10",13483.30957
"2020-01-13",13451.519531
"2020-01-14",13456.490234
"2020-01-15",13432.299805
"2020-01-16",13429.429688
"2020-01-17",13526.129883
"2020-01-20",13548.94043
"2020-01-21",13555.870117
"2020-01-22",13515.75
"2020-01-23",13388.419922
"2020-01-24",13576.679688
"2020-01-27",13204.769531
"2020-01-28",13323.69043
"2020-01-29",13345
"2020-01-30",13157.120117
"2020-01-31",12981.969727
"2020-02-03",13045.19043
"2020-02-04",13281.740234
"2020-02-05",13478.330078
"2020-02-06",13574.820313
"2020-02-07",13513.80957
"2020-02-10",13494.030273
"2020-02-11",13627.839844
"2020-02-12",13749.780273
"2020-02-13",13745.429688
"2020-02-14",13744.209961
"2020-02-17",13783.889648
"2020-02-18",13681.19043
"2020-02-19",13789
"2020-02-20",13664
"2020-02-21",13579.330078
"2020-02-24",13035.240234
"2020-02-25",12790.490234
"2020-02-26",12774.879883
"2020-02-27",12367.459961
"2020-02-28",11890.349609
"2020-03-02",11857.870117
"2020-03-03",11985.389648
"2020-03-04",12127.69043
"2020-03-05",11944.719727
"2020-03-06",11541.870117
"2020-03-09",10625.019531
"2020-03-10",10475.490234
"2020-03-11",10438.679688
"2020-03-12",9161.129883
"2020-03-13",9232.080078
"2020-03-16",8742.25
"2020-03-17",8939.099609
"2020-03-18",8441.709961
"2020-03-19",8610.429688
"2020-03-20",8928.950195
"2020-03-23",8741.150391
"2020-03-24",9700.570313
"2020-03-25",9874.259766
"2020-03-26",10000.959961
"2020-03-27",9632.519531
"2020-03-30",9815.969727
"2020-03-31",9935.839844
"2020-04-01",9544.75
"2020-04-02",9570.820313
"2020-04-03",9525.769531
"2020-04-06",10075.169922
"2020-04-07",10356.700195
"2020-04-08",10332.889648
"2020-04-09",10564.740234
"2020-04-14",10696.55957
"2020-04-15",10279.759766
"2020-04-16",10301.540039
"2020-04-17",10625.780273
"2020-04-20",10675.900391
"2020-04-21",10249.849609
"2020-04-22",10415.030273
"2020-04-23",10513.790039
"2020-04-24",10336.089844
"2020-04-27",10659.990234
"2020-04-28",10795.629883
"2020-04-29",11107.740234
"2020-04-30",10861.639648
"2020-05-04",10466.799805
"2020-05-05",10729.459961
"2020-05-06",10606.200195
"2020-05-07",10759.269531
"2020-05-08",10904.480469
"2020-05-11",10824.990234
"2020-05-12",10819.5
"2020-05-13",10542.660156
"2020-05-14",10337.019531
"2020-05-15",10465.169922
"2020-05-18",11058.870117
"2020-05-19",11075.290039
"2020-05-20",11223.709961
"2020-05-21",11065.929688
"2020-05-22",11073.870117
"2020-05-25",11391.280273
"2020-05-26",11504.650391
"2020-05-27",11657.69043
"2020-05-28",11781.129883
"2020-05-29",11586.849609
"2020-06-02",12021.280273
"2020-06-03",12487.360352
"2020-06-04",12430.55957
"2020-06-05",12847.679688
"2020-06-08",12819.589844
"2020-06-09",12617.990234
"2020-06-10",12530.160156
"2020-06-11",11970.290039
"2020-06-12",11949.280273
"2020-06-15",11911.349609
"2020-06-16",12315.660156
"2020-06-17",12382.139648
"2020-06-18",12281.530273
"2020-06-19",12330.759766
"2020-06-22",12262.969727
"2020-06-23",12523.759766
"2020-06-24",12093.94043
"2020-06-25",12177.870117
"2020-06-26",12089.389648
"2020-06-29",12232.120117
"2020-06-30",12310.929688
"2020-07-01",12260.570313
"2020-07-02",12608.459961
"2020-07-03",12528.179688
"2020-07-06",12733.450195
"2020-07-07",12616.799805
"2020-07-08",12494.80957
"2020-07-09",12489.459961
"2020-07-10",12633.709961
"2020-07-13",12799.969727
"2020-07-14",12697.360352
"2020-07-15",12930.980469
"2020-07-16",12874.969727
"2020-07-17",12919.610352
"2020-07-20",13046.919922
"2020-07-21",13171.830078
"2020-07-22",13104.25
"2020-07-23",13103.389648
"2020-07-24",12838.05957
"2020-07-27",12838.660156
"2020-07-28",12835.280273
"2020-07-29",12822.259766
"2020-07-30",12379.650391
"2020-07-31",12313.360352
"2020-08-03",12646.980469
"2020-08-04",12600.870117
"2020-08-05",12660.25
"2020-08-06",12591.679688
"2020-08-07",12674.879883
"2020-08-10",12687.530273
"2020-08-11",12946.889648
"2020-08-12",13058.629883
"2020-08-13",12993.709961
"2020-08-14",12901.339844
"2020-08-17",12920.660156
"2020-08-18",12881.759766
"2020-08-19",12977.330078
"2020-08-20",12830
"2020-08-21",12764.799805
"2020-08-24",13066.540039
"2020-08-25",13061.620117
"2020-08-26",13190.150391
"2020-08-27",13096.360352
"2020-08-28",13033.200195
"2020-08-31",12945.379883
"2020-09-01",12974.25
"2020-09-02",13243.429688
"2020-09-03",13057.769531
"2020-09-04",12842.660156
"2020-09-07",13100.280273
"2020-09-08",12968.330078
"2020-09-09",13237.209961
"2020-09-10",13208.889648
"2020-09-11",13202.839844
"2020-09-14",13193.660156
"2020-09-15",13217.669922
"2020-09-16",13255.370117
"2020-09-17",13208.120117
"2020-09-18",13116.25
"2020-09-21",12542.44043
"2020-09-22",12594.389648
"2020-09-23",12642.969727
"2020-09-24",12606.570313
"2020-09-25",12469.200195
"2020-09-28",12870.870117
"2020-09-29",12825.820313
"2020-09-30",12760.730469
"2020-10-01",12730.769531
"2020-10-02",12689.040039
"2020-10-05",12828.30957
"2020-10-06",12906.019531
"2020-10-07",12928.570313
"2020-10-08",13042.209961
"2020-10-09",13051.230469
"2020-10-12",13138.410156
"2020-10-13",13018.990234
"2020-10-14",13028.05957
"2020-10-15",12703.75
"2020-10-16",12908.990234
"2020-10-19",12854.660156
"2020-10-20",12736.950195
"2020-10-21",12557.639648
"2020-10-22",12543.05957
"2020-10-23",12645.75
"2020-10-26",12177.179688
"2020-10-27",12063.570313
"2020-10-28",11560.509766
"2020-10-29",11598.070313
"2020-10-30",11556.480469
"2020-11-02",11788.280273
"2020-11-03",12088.980469
"2020-11-04",12324.219727
"2020-11-05",12568.089844
"2020-11-06",12480.019531
"2020-11-09",13095.969727
"2020-11-10",13163.110352
"2020-11-11",13216.179688
"2020-11-12",13052.950195
"2020-11-13",13076.719727
"2020-11-16",13138.610352
"2020-11-17",13133.469727
"2020-11-18",13201.889648
"2020-11-19",13086.160156
"2020-11-20",13137.25
"2020-11-23",13126.969727
"2020-11-24",13292.44043
"2020-11-25",13289.799805
"2020-11-26",13286.570313
"2020-11-27",13335.679688
"2020-11-30",13291.160156
"2020-12-01",13382.299805
"2020-12-02",13313.240234
"2020-12-03",13252.860352
"2020-12-04",13298.959961
"2020-12-07",13271
"2020-12-08",13278.490234
"2020-12-09",13340.259766
"2020-12-10",13295.730469
"2020-12-11",13114.299805
"2020-12-14",13223.160156
"2020-12-15",13362.870117
"2020-12-16",13565.980469
"2020-12-17",13667.25
"2020-12-18",13630.509766
"2020-12-21",13246.299805
"2020-12-22",13418.110352
"2020-12-23",13587.230469
"2020-12-28",13790.290039
"2020-12-29",13761.379883
"2020-12-30",13718.780273
"2021-01-04",13726.740234
"2021-01-05",13651.219727
"2021-01-06",13891.969727
"2021-01-07",13968.240234
"2021-01-08",14049.530273
"2021-01-11",13936.660156
"2021-01-12",13925.05957
"2021-01-13",13939.709961
"2021-01-14",13988.700195
"2021-01-15",13787.730469
"2021-01-18",13848.349609
"2021-01-19",13815.05957
"2021-01-20",13921.370117
"2021-01-21",13906.669922
"2021-01-22",13873.969727
"2021-01-25",13643.950195
"2021-01-26",13870.990234
"2021-01-27",13620.459961
"2021-01-28",13665.929688
"2021-01-29",13432.870117
"2021-02-01",13622.019531
"2021-02-02",13835.160156
"2021-02-03",13933.629883
"2021-02-04",14060.290039
"2021-02-05",14056.719727
"2021-02-08",14059.910156
"2021-02-09",14011.799805
"2021-02-10",13932.969727
"2021-02-11",14040.910156
"2021-02-12",14049.889648
"2021-02-15",14109.480469
"2021-02-16",14064.599609
"2021-02-17",13909.269531
"2021-02-18",13886.929688
"2021-02-19",13993.230469
"2021-02-22",13950.040039
"2021-02-23",13864.80957
"2021-02-24",13976
"2021-02-25",13879.330078
"2021-02-26",13786.290039
"2021-03-01",14012.820313
"2021-03-02",14039.799805
"2021-03-03",14080.030273
"2021-03-04",14056.339844
"2021-03-05",13920.69043
"2021-03-08",14380.910156
"2021-03-09",14437.94043
"2021-03-10",14540.25
"2021-03-11",14569.389648
"2021-03-12",14502.389648
"2021-03-15",14461.419922
"2021-03-16",14557.580078
"2021-03-17",14596.610352
"2021-03-18",14775.519531
"2021-03-19",14621
"2021-03-22",14657.209961
"2021-03-23",14662.019531
"2021-03-24",14610.389648
"2021-03-25",14621.360352
"2021-03-26",14748.94043
"2021-03-29",14817.719727
"2021-03-30",15008.610352
"2021-03-31",15008.339844
"2021-04-01",15107.169922
"2021-04-06",15212.679688
"2021-04-07",15176.360352
"2021-04-08",15202.679688
"2021-04-09",15234.160156
"2021-04-12",15215
"2021-04-13",15234.360352
"2021-04-14",15209.150391
"2021-04-15",15255.330078
"2021-04-16",15459.75
"2021-04-19",15368.389648
"2021-04-20",15129.509766
"2021-04-21",15195.969727
"2021-04-22",15320.519531
"2021-04-23",15279.620117
"2021-04-26",15296.339844
"2021-04-27",15249.269531
"2021-04-28",15292.179688
"2021-04-29",15154.200195
"2021-04-30",15135.910156
"2021-05-03",15236.469727
"2021-05-04",14856.480469
"2021-05-05",15170.780273
"2021-05-06",15196.740234
"2021-05-07",15399.650391
"2021-05-10",15400.410156
"2021-05-11",15119.75
"2021-05-12",15150.219727
"2021-05-13",15199.679688
"2021-05-14",15416.639648
"2021-05-17",15396.620117
"2021-05-18",15386.580078
"2021-05-19",15113.55957
"2021-05-20",15370.259766
"2021-05-21",15437.509766
"2021-05-25",15465.089844
"2021-05-26",15450.719727
"2021-05-27",15406.730469
"2021-05-28",15519.980469
"2021-05-31",15421.129883
"2021-06-01",15567.360352
"2021-06-02",15602.709961
"2021-06-03",15632.669922
"2021-06-04",15692.900391
"2021-06-07",15677.150391
"2021-06-08",15640.599609
"2021-06-09",15581.139648
"2021-06-10",15571.219727
"2021-06-11",15693.269531
"2021-06-14",15673.639648
"2021-06-15",15729.519531
"2021-06-16",15710.570313
"2021-06-17",15727.669922
"2021-06-18",15448.040039
"2021-06-21",15603.240234
"2021-06-22",15636.330078
"2021-06-23",15456.389648
"2021-06-24",15589.230469
"2021-06-25",15607.969727
"2021-06-28",15554.179688
"2021-06-29",15690.589844
"2021-06-30",15531.040039
"2021-07-01",15603.80957
"2021-07-02",15650.089844
"2021-07-05",15661.969727
"2021-07-06",15511.379883
"2021-07-07",15692.709961
"2021-07-08",15420.639648
"2021-07-09",15687.929688
"2021-07-12",15790.509766
"2021-07-13",15789.639648
"2021-07-14",15788.980469
"2021-07-15",15629.660156
"2021-07-16",15540.30957
"2021-07-19",15133.200195
"2021-07-20",15216.269531
"2021-07-21",15422.5
"2021-07-22",15514.540039
"2021-07-23",15669.290039
"2021-07-26",15618.980469
"2021-07-27",15519.129883
"2021-07-28",15570.360352
"2021-07-29",15640.469727
"2021-07-30",15544.389648
"2021-08-02",15568.730469
"2021-08-03",15555.080078
"2021-08-04",15692.129883
"2021-08-05",15744.669922
"2021-08-06",15761.450195
"2021-08-09",15745.410156
"2021-08-10",15770.709961
"2021-08-11",15826.089844
"2021-08-12",15937.509766
"2021-08-13",15977.44043
"2021-08-16",15925.730469
"2021-08-17",15921.950195
"2021-08-18",15965.969727
"2021-08-19",15765.80957
"2021-08-20",15808.040039
"2021-08-23",15852.790039
"2021-08-24",15905.849609
"2021-08-25",15860.660156
"2021-08-26",15793.620117
"2021-08-27",15851.75
"2021-08-30",15887.30957
"2021-08-31",15835.089844
"2021-09-01",15824.290039
"2021-09-02",15840.589844
"2021-09-03",15781.200195
"2021-09-06",15932.120117
"2021-09-07",15843.089844
"2021-09-08",15610.280273
"2021-09-09",15623.150391
"2021-09-10",15609.80957
"2021-09-13",15701.419922
"2021-09-14",15722.990234
"2021-09-15",15616
"2021-09-16",15651.75
"2021-09-17",15490.169922
"2021-09-20",15132.05957
"2021-09-21",15348.530273
"2021-09-22",15506.740234
"2021-09-23",15643.969727
"2021-09-24",15531.75
"2021-09-27",15573.879883
"2021-09-28",15248.55957
"2021-09-29",15365.269531
"2021-09-30",15260.69043
"2021-10-01",15156.44043
"2021-10-04",15036.549805
"2021-10-05",15194.490234
"2021-10-06",14973.330078
"2021-10-07",15250.860352
"2021-10-08",15206.129883
"2021-10-11",15199.139648
"2021-10-12",15146.870117
"2021-10-13",15249.379883
"2021-10-14",15462.719727
"2021-10-15",15587.360352
"2021-10-18",15474.469727
"2021-10-19",15515.830078
"2021-10-20",15522.919922
"2021-10-21",15472.55957
"2021-10-22",15542.980469
"2021-10-25",15599.230469
"2021-10-26",15757.05957
"2021-10-27",15705.80957
"2021-10-28",15696.330078
"2021-10-29",15688.769531
"2021-11-01",15806.290039
"2021-11-02",15954.450195
"2021-11-03",15959.980469
"2021-11-04",16029.650391
"2021-11-05",16054.360352
"2021-11-08",16046.519531
"2021-11-09",16040.469727
"2021-11-10",16067.830078
"2021-11-11",16083.110352
"2021-11-12",16094.070313
"2021-11-15",16148.639648
"2021-11-16",16247.860352
"2021-11-17",16251.129883
"2021-11-18",16221.730469
"2021-11-19",16159.969727
"2021-11-22",16115.69043
"2021-11-23",15937
"2021-11-24",15878.389648
"2021-11-25",15917.980469
"2021-11-26",15257.040039
"2021-11-29",15280.860352
"2021-11-30",15100.129883
"2021-12-01",15472.669922
"2021-12-02",15263.110352
"2021-12-03",15169.980469
"2021-12-06",15380.790039
"2021-12-07",15813.94043
"2021-12-08",15687.089844
"2021-12-09",15639.259766
"2021-12-10",15623.30957
"2021-12-13",15621.719727
"2021-12-14",15453.55957
"2021-12-15",15476.349609
"2021-12-16",15636.400391
"2021-12-17",15531.69043
"2021-12-20",15239.669922
"2021-12-21",15447.44043
"2021-12-22",15593.469727
"2021-12-23",15756.30957
"2021-12-27",15835.25
"2021-12-28",15963.700195
"2021-12-29",15852.25
"2021-12-30",15884.860352
"2022-01-03",16020.730469
"2022-01-04",16152.610352
"2022-01-05",16271.75
"2022-01-06",16052.030273
"2022-01-07",15947.740234
"2022-01-10",15768.269531
"2022-01-11",15941.80957
"2022-01-12",16010.320313
"2022-01-13",16031.589844
"2022-01-14",15883.240234
"2022-01-17",15933.719727
"2022-01-18",15772.55957
"2022-01-19",15809.719727
"2022-01-20",15912.330078
"2022-01-21",15603.879883
"2022-01-24",15011.129883
"2022-01-25",15123.870117
"2022-01-26",15459.389648
"2022-01-27",15524.269531
"2022-01-28",15318.950195
"2022-01-31",15471.200195
"2022-02-01",15619.389648
"2022-02-02",15613.769531
"2022-02-03",15368.469727
"2022-02-04",15099.55957
"2022-02-07",15206.639648
"2022-02-08",15242.379883
"2022-02-09",15482.009766
"2022-02-10",15490.44043
"2022-02-11",15425.120117
"2022-02-14",15113.969727
"2022-02-15",15412.709961
"2022-02-16",15396.070313
"2022-02-17",15267.629883
"2022-02-18",15042.509766
"2022-02-21",14731.120117
"2022-02-22",14693
"2022-02-23",14631.360352
"2022-02-24",14052.099609
"2022-02-25",14567.230469
"2022-02-28",14461.019531
"2022-03-01",13904.849609
"2022-03-02",14000.110352
"2022-03-03",13698.400391
"2022-03-04",13094.540039
"2022-03-07",12834.650391
"2022-03-08",12831.509766
"2022-03-09",13847.929688
"2022-03-10",13442.099609
"2022-03-11",13628.110352
"2022-03-14",13929.110352
"2022-03-15",13917.269531
"2022-03-16",14440.740234
"2022-03-17",14388.05957
"2022-03-18",14413.089844
"2022-03-21",14326.969727
"2022-03-22",14473.200195
"2022-03-23",14283.650391
"2022-03-24",14273.790039
"2022-03-25",14305.759766
"2022-03-28",14417.370117
"2022-03-29",14820.330078
"2022-03-30",14606.049805
"2022-03-31",14414.75
"2022-04-01",14446.480469
"2022-04-04",14518.160156
"2022-04-05",14424.360352
"2022-04-06",14151.69043
"2022-04-07",14078.150391
"2022-04-08",14283.669922
"2022-04-11",14192.780273
"2022-04-12",14124.950195
"2022-04-13",14076.44043
"2022-04-14",14163.849609
"2022-04-19",14153.459961
"2022-04-20",14362.030273
"2022-04-21",14502.410156
"2022-04-22",14142.089844
"2022-04-25",13924.169922
"2022-04-26",13756.400391
"2022-04-27",13793.94043
"2022-04-28",13979.839844
"2022-04-29",14097.879883
"2022-05-02",13939.070313
"2022-05-03",14039.469727
"2022-05-04",13970.820313
"2022-05-05",13902.519531
"2022-05-06",13674.290039
"2022-05-09",13380.669922
"2022-05-10",13534.740234
"2022-05-11",13828.639648
"2022-05-12",13739.639648
"2022-05-13",14027.929688
"2022-05-16",13964.379883
"2022-05-17",14185.94043
"2022-05-18",14007.759766
"2022-05-19",13882.299805
"2022-05-20",13981.910156
"2022-05-23",14175.400391
"2022-05-24",13919.75
"2022-05-25",14007.929688
"2022-05-26",14231.290039
"2022-05-27",14462.19043
"2022-05-30",14575.980469
"2022-05-31",14388.349609
"2022-06-01",14340.469727
"2022-06-02",14485.169922
"2022-06-03",14460.089844
"2022-06-06",14653.80957
"2022-06-07",14556.620117
"2022-06-08",14445.990234
"2022-06-09",14198.799805
"2022-06-10",13761.830078
"2022-06-13",13427.030273
"2022-06-14",13304.389648
"2022-06-15",13485.290039
"2022-06-16",13038.490234
"2022-06-17",13126.259766
"2022-06-20",13265.599609
"2022-06-21",13292.400391
"2022-06-22",13144.280273
"2022-06-23",12912.589844
"2022-06-24",13118.129883
"2022-06-27",13186.070313
"2022-06-28",13231.820313
"2022-06-29",13003.349609
"2022-06-30",12783.769531
"2022-07-01",12813.030273
"2022-07-04",12773.379883
"2022-07-05",12401.200195
"2022-07-06",12594.519531
"2022-07-07",12843.219727
"2022-07-08",13015.230469
"2022-07-11",12832.44043
"2022-07-12",12905.480469
"2022-07-13",12756.320313
"2022-07-14",12519.660156
"2022-07-15",12864.719727
"2022-07-18",12959.80957
"2022-07-19",13308.410156
"2022-07-20",13281.980469
"2022-07-21",13246.639648
"2022-07-22",13253.679688
"2022-07-25",13210.320313
"2022-07-26",13096.929688
"2022-07-27",13166.379883
"2022-07-28",13282.110352
"2022-07-29",13484.049805
"2022-08-01",13479.629883
"2022-08-02",13449.200195
"2022-08-03",13587.55957
"2022-08-04",13662.679688
"2022-08-05",13573.929688
"2022-08-08",13687.69043
"2022-08-09",13534.969727
"2022-08-10",13700.929688
"2022-08-11",13694.509766
"2022-08-12",13795.849609
"2022-08-15",13816.610352
"2022-08-16",13910.120117
"2022-08-17",13626.709961
"2022-08-18",13697.410156
"2022-08-19",13544.519531
"2022-08-22",13230.570313
"2022-08-23",13194.230469
"2022-08-24",13220.05957
"2022-08-25",13271.959961
"2022-08-26",12971.469727
"2022-08-29",12892.990234
"2022-08-30",12961.139648
"2022-08-31",12834.959961
"2022-09-01",12630.230469
"2022-09-02",13050.269531
"2022-09-05",12760.780273
"2022-09-06",12871.44043
"2022-09-07",12915.969727
"2022-09-08",12904.320313
"2022-09-09",13088.209961
"2022-09-12",13402.269531
"2022-09-13",13188.950195
"2022-09-14",13028
"2022-09-15",12956.660156
"2022-09-16",12741.259766
"2022-09-19",12803.240234
"2022-09-20",12670.830078
"2022-09-21",12767.150391
"2022-09-22",12531.629883
"2022-09-23",12284.19043
"2022-09-26",12227.919922
"2022-09-27",12139.679688
"2022-09-28",12183.280273
"2022-09-29",11975.549805
"2022-09-30",12114.360352
"2022-10-03",12209.480469
"2022-10-04",12670.480469
"2022-10-05",12517.179688
"2022-10-06",12470.780273
"2022-10-07",12273
"2022-10-10",12272.94043
"2022-10-11",12220.25
"2022-10-12",12172.259766
"2022-10-13",12355.580078
"2022-10-14",12437.80957
"2022-10-17",12649.030273
"2022-10-18",12765.610352
"2022-10-19",12741.410156
"2022-10-20",12767.410156
"2022-10-21",12730.900391
"2022-10-24",12931.450195
"2022-10-25",13052.959961
"2022-10-26",13195.80957
"2022-10-27",13211.230469
"2022-10-28",13243.330078
"2022-10-31",13253.740234
"2022-11-01",13338.740234
"2022-11-02",13256.740234
"2022-11-03",13130.19043
"2022-11-04",13459.849609
"2022-11-07",13533.519531
"2022-11-08",13688.75
"2022-11-09",13666.320313
"2022-11-10",14146.089844
"2022-11-11",14224.860352
"2022-11-14",14313.299805
"2022-11-15",14378.509766
"2022-11-16",14234.030273
"2022-11-17",14266.379883
"2022-11-18",14431.860352
"2022-11-21",14379.929688
"2022-11-22",14422.349609
"2022-11-23",14427.589844
"2022-11-24",14539.55957
"2022-11-25",14541.379883
"2022-11-28",14383.360352
"2022-11-29",14355.450195
"2022-11-30",14397.040039
"2022-12-01",14490.299805
"2022-12-02",14529.389648
"2022-12-05",14447.610352
"2022-12-06",14343.19043
"2022-12-07",14261.19043
"2022-12-08",14264.55957
"2022-12-09",14370.719727
"2022-12-12",14306.629883
"2022-12-13",14497.889648
"2022-12-14",14460.200195
"2022-12-15",13986.230469
"2022-12-16",13893.070313
"2022-12-19",13942.870117
"2022-12-20",13884.660156
"2022-12-21",14097.820313
"2022-12-22",13914.070313
"2022-12-23",13940.929688
"2022-12-27",13995.099609
"2022-12-28",13925.599609
"2022-12-29",14071.719727
"2022-12-30",13923.589844
"2023-01-02",14069.259766
"2023-01-03",14181.669922
"2023-01-04",14490.780273
"2023-01-05",14436.30957
"2023-01-06",14610.019531
"2023-01-09",14792.830078
"2023-01-10",14774.599609
"2023-01-11",14947.910156
"2023-01-12",15058.299805
"2023-01-13",15086.519531
"2023-01-16",15134.040039
"2023-01-17",15187.070313
"2023-01-18",15181.799805
"2023-01-19",14920.360352
"2023-01-20",15033.55957
"2023-01-23",15102.950195
"2023-01-24",15093.110352
"2023-01-25",15081.639648
"2023-01-26",15132.849609
"2023-01-27",15150.030273
"2023-01-30",15126.080078
"2023-01-31",15128.269531
"2023-02-01",15180.740234
"2023-02-02",15509.19043
"2023-02-03",15476.429688
"2023-02-06",15345.910156
"2023-02-07",15320.879883
"2023-02-08",15412.049805
"2023-02-09",15523.419922
"2023-02-10",15307.980469
"2023-02-13",15397.339844
"2023-02-14",15380.55957
"2023-02-15",15506.339844
"2023-02-16",15533.639648
"2023-02-17",15482
"2023-02-20",15477.549805
"2023-02-21",15397.620117
"2023-02-22",15399.889648
"2023-02-23",15475.69043
"2023-02-24",15209.740234
"2023-02-27",15381.429688
"2023-02-28",15365.139648
"2023-03-01",15305.019531
"2023-03-02",15327.639648
"2023-03-03",15578.389648
"2023-03-06",15653.580078
